,batt.p,batt.e,batt.de,batt.dp,batt.pd,batt.pc,batt.u,batt.abs_p,mg.p,mg.pout,mg.pin,mg.u,ps.scale_fact,ps.p_scaled,arc3_expanded.f,arc1_expanded.f,arc2_expanded.f,int,batt.soc,batt.inst_cost,mg.instant_cost,inst_obj
2018-04-01 00:00:00+02:00,0.0,10.5,0.0,0.0,0.0,0.0,0.0,0.0,0.0,2.78,0.0,0.0,10,0.0,0.0,2.78,0.0,15.366518933245455,50.0,0.0,8.525333333333334e-05,8.525333333333334e-05
2018-04-01 00:15:00+02:00,-1.8000000000000005,10.950000000000003,0.0005000000000000022,-0.0020000000000000005,0.0,1.8000000000000005,-0.0,0.0020000000000000005,4.625000000000001,4.625000000000001,0.0,1.0,10,0.0,0.0,4.625000000000001,-1.8000000000000005,15.366518933245455,52.14285714285715,5.555555555555557e-07,0.00014183333333333338,0.00014183333333333338
2018-04-01 00:30:00+02:00,-1.8000000000000005,11.400000000000002,0.0005000000000000001,0.0,0.0,1.8000000000000005,-0.0,0.0,4.670000000000001,4.670000000000001,0.0,1.0,10,0.0,0.0,4.670000000000001,-1.8000000000000005,15.366518933245455,54.28571428571429,0.0,0.00014321333333333337,0.00014321333333333337
2018-04-01 00:45:00+02:00,-1.8000000000000005,11.850000000000001,0.0005000000000000001,0.0,0.0,1.8000000000000005,-0.0,0.0,4.62,4.62,0.0,1.0,10,0.0,0.0,4.62,-1.8000000000000005,15.366518933245455,56.42857142857144,0.0,0.00014168,0.00014168
2018-04-01 01:00:00+02:00,-1.8000000000000005,12.3,0.0005000000000000001,0.0,0.0,1.8000000000000005,-0.0,0.0,4.57,4.57,0.0,1.0,10,0.0,0.0,4.57,-1.8000000000000005,15.366518933245455,58.57142857142857,0.0,0.00014014666666666668,0.00014014666666666668
2018-04-01 01:15:00+02:00,-1.8000000000000005,12.750000000000002,0.0005000000000000001,0.0,0.0,1.8000000000000005,-0.0,0.0,4.630000000000001,4.630000000000001,0.0,1.0,10,0.0,0.0,4.630000000000001,-1.8000000000000005,15.366518933245455,60.71428571428572,0.0,0.0001419866666666667,0.0001419866666666667
2018-04-01 01:30:00+02:00,-1.8000000000000005,13.200000000000001,0.0005000000000000001,0.0,0.0,1.8000000000000005,-0.0,0.0,4.69,4.69,0.0,1.0,10,0.0,0.0,4.69,-1.8000000000000005,15.366518933245455,62.857142857142854,0.0,0.0001438266666666667,0.0001438266666666667
2018-04-01 01:45:00+02:00,-1.7999999999999996,13.649999999999995,0.0004999999999999999,8.673617379884035e-19,0.0,1.7999999999999996,-0.0,0.0,4.685,4.685,0.0,1.0,10,0.0,0.0,4.685,-1.7999999999999996,15.366518933245455,64.99999999999997,0.0,0.00014367333333333333,0.00014367333333333333
2018-04-01 02:00:00+02:00,-1.7999999999999996,14.099999999999996,0.0004999999999999999,0.0,0.0,1.7999999999999996,-0.0,0.0,4.68,4.68,0.0,1.0,10,0.0,0.0,4.68,-1.7999999999999996,15.366518933245455,67.14285714285711,0.0,0.00014352,0.00014352
2018-04-01 02:15:00+02:00,-1.7999999999999996,14.549999999999997,0.0004999999999999999,0.0,0.0,1.7999999999999996,-0.0,0.0,4.654999999999999,4.654999999999999,0.0,1.0,10,0.0,0.0,4.654999999999999,-1.7999999999999996,15.366518933245455,69.28571428571428,0.0,0.00014275333333333331,0.00014275333333333331
2018-04-01 02:30:00+02:00,-1.7999999999999996,14.999999999999996,0.0004999999999999999,0.0,0.0,1.7999999999999996,-0.0,0.0,4.63,4.63,0.0,1.0,10,0.0,0.0,4.63,-1.7999999999999996,15.366518933245455,71.4285714285714,0.0,0.00014198666666666667,0.00014198666666666667
2018-04-01 02:45:00+02:00,-1.7999999999999996,15.449999999999998,0.0004999999999999999,0.0,0.0,1.7999999999999996,-0.0,0.0,4.645,4.645,0.0,1.0,10,0.0,0.0,4.645,-1.7999999999999996,15.366518933245455,73.57142857142856,0.0,0.00014244666666666665,0.00014244666666666665
2018-04-01 03:00:00+02:00,-1.7999999999999996,15.899999999999997,0.0004999999999999999,0.0,0.0,1.7999999999999996,-0.0,0.0,4.659999999999999,4.659999999999999,0.0,1.0,10,0.0,0.0,4.659999999999999,-1.7999999999999996,15.366518933245455,75.7142857142857,0.0,0.00014290666666666666,0.00014290666666666666
2018-04-01 03:15:00+02:00,-1.7999999999999996,16.349999999999998,0.0004999999999999999,0.0,0.0,1.7999999999999996,-0.0,0.0,4.665,4.665,0.0,1.0,10,0.0,0.0,4.665,-1.7999999999999996,15.366518933245455,77.85714285714285,0.0,0.00014306,0.00014306
2018-04-01 03:30:00+02:00,-1.7999999999999996,16.799999999999997,0.0004999999999999999,0.0,0.0,1.7999999999999996,-0.0,0.0,4.67,4.67,0.0,1.0,10,0.0,0.0,4.67,-1.7999999999999996,15.366518933245455,79.99999999999999,0.0,0.00014321333333333335,0.00014321333333333335
2018-04-01 03:45:00+02:00,-1.7999999999999996,17.25,0.0004999999999999999,0.0,0.0,1.7999999999999996,-0.0,0.0,4.68,4.68,0.0,1.0,10,0.0,0.0,4.68,-1.7999999999999996,15.366518933245455,82.14285714285714,0.0,0.00014352,0.00014352
2018-04-01 04:00:00+02:00,-1.7999999999999996,17.7,0.0004999999999999999,0.0,0.0,1.7999999999999996,-0.0,0.0,4.6899999999999995,4.6899999999999995,0.0,1.0,10,0.0,0.0,4.6899999999999995,-1.7999999999999996,15.366518933245455,84.28571428571428,0.0,0.00014382666666666667,0.00014382666666666667
2018-04-01 04:15:00+02:00,-1.7999999999999996,18.15,0.0004999999999999999,0.0,0.0,1.7999999999999996,-0.0,0.0,4.699999999999999,4.699999999999999,0.0,1.0,10,0.0,0.0,4.699999999999999,-1.7999999999999996,15.366518933245455,86.42857142857142,0.0,0.00014413333333333333,0.00014413333333333333
2018-04-01 04:30:00+02:00,-1.7999999999999996,18.6,0.0004999999999999999,0.0,0.0,1.7999999999999996,-0.0,0.0,4.71,4.71,0.0,1.0,10,0.0,0.0,4.71,-1.7999999999999996,15.366518933245455,88.57142857142858,0.0,0.00014444000000000002,0.00014444000000000002
2018-04-01 04:45:00+02:00,-1.7999999999999996,19.05,0.0004999999999999999,0.0,0.0,1.7999999999999996,-0.0,0.0,4.734999999999999,4.734999999999999,0.0,1.0,10,0.0,0.0,4.734999999999999,-1.7999999999999996,15.366518933245455,90.71428571428571,0.0,0.00014520666666666666,0.00014520666666666666
2018-04-01 05:00:00+02:00,-1.7999999999999998,19.5,0.0004999999999999999,0.0,0.0,1.7999999999999998,-0.0,0.0,4.76,4.76,0.0,1.0,10,0.0,0.0,4.76,-1.7999999999999998,15.366518933245455,92.85714285714285,0.0,0.00014597333333333333,0.00014597333333333333
2018-04-01 05:15:00+02:00,-1.7999999999999954,19.95,0.0004999999999999987,4.7704895589362195e-18,0.0,1.7999999999999954,-0.0,0.0,4.714999999999995,4.714999999999995,0.0,1.0,10,0.0,0.0,4.714999999999995,-1.7999999999999954,15.366518933245455,95.0,0.0,0.0001445933333333332,0.0001445933333333332
2018-04-01 05:30:00+02:00,0.0,19.95,0.0,0.001999999999999995,0.0,0.0,-0.0,0.001999999999999995,2.87,2.87,0.0,1.0,10,0.0,0.0,2.87,0.0,15.366518933245455,95.0,5.555555555555541e-07,8.801333333333335e-05,8.801333333333335e-05
2018-04-01 05:45:00+02:00,0.0,19.95,0.0,0.0,0.0,0.0,-0.0,0.0,2.88,2.88,0.0,1.0,10,0.0,0.0,2.88,0.0,15.366518933245455,95.0,0.0,8.832000000000001e-05,8.832000000000001e-05
2018-04-01 06:00:00+02:00,2.89,19.2275,-0.0008027777777777778,0.003211111111111111,2.89,0.0,1.0,0.003211111111111111,0.0,0.0,0.0,1.0,10,0.0,0.0,0.0,2.89,15.366518933245455,91.55952380952381,8.919753086419754e-07,0.0,0.0
2018-04-01 06:15:00+02:00,2.99,18.479999999999997,-0.0008305555555555556,0.0001111111111111113,2.99,0.0,1.0,0.0001111111111111113,0.0,0.0,0.0,1.0,10,0.0,0.0,0.0,2.99,15.366518933245455,87.99999999999999,3.086419753086425e-08,0.0,0.0
2018-04-01 06:30:00+02:00,3.09,17.7075,-0.0008583333333333333,0.00011111111111111087,3.09,0.0,1.0,0.00011111111111111087,0.0,0.0,0.0,1.0,10,0.0,0.0,0.0,3.09,15.366518933245455,84.32142857142857,3.086419753086413e-08,0.0,0.0
2018-04-01 06:45:00+02:00,3.1363,16.923424999999998,-0.0008711944444444444,5.144444444444424e-05,3.1363,0.0,1.0,5.144444444444424e-05,0.04330000000000034,0.04330000000000034,0.0,1.0,10,0.0004,0.0004,0.04330000000000034,3.1363,15.366518933245455,80.58773809523808,1.4290123456790066e-08,1.5984916666666792e-06,1.5984916666666792e-06
2018-04-01 07:00:00+02:00,3.1363,16.139349999999997,-0.0008711944444444444,0.0,3.1363,0.0,1.0,0.0,0.13290000000000024,0.13290000000000024,0.0,1.0,10,0.0008,0.0008,0.13290000000000024,3.1363,15.366518933245455,76.8540476190476,0.0,4.906225000000008e-06,4.906225000000008e-06
2018-04-01 07:15:00+02:00,3.1363,15.355274999999995,-0.0008711944444444444,0.0,3.1363,0.0,1.0,0.0,0.5537999999999998,0.5537999999999998,0.0,1.0,10,0.0049,0.0049,0.5537999999999998,3.1363,15.366518933245455,73.12035714285712,0.0,2.0444449999999994e-05,2.0444449999999994e-05
2018-04-01 07:30:00+02:00,3.1363,14.571199999999996,-0.0008711944444444444,0.0,3.1363,0.0,1.0,0.0,0.9746999999999999,0.9746999999999999,0.0,1.0,10,0.009,0.009,0.9746999999999999,3.1363,15.366518933245455,69.38666666666664,0.0,3.5982674999999995e-05,3.5982674999999995e-05
2018-04-01 07:45:00+02:00,3.1363,13.787124999999994,-0.0008711944444444444,0.0,3.1363,0.0,1.0,0.0,3.3528,3.3528,0.0,1.0,10,0.0159,0.0159,3.3528,3.1363,15.366518933245455,65.65297619047615,0.0,0.00012377419999999998,0.00012377419999999998
2018-04-01 08:00:00+02:00,3.1363,13.003049999999995,-0.0008711944444444444,0.0,3.1363,0.0,1.0,0.0,5.731,5.731,0.0,1.0,10,0.022699999999999998,0.022699999999999998,5.731,3.1363,15.366518933245455,61.91928571428568,0.0,0.00021156941666666666,0.00021156941666666666
2018-04-01 08:15:00+02:00,3.1363,12.218974999999997,-0.0008711944444444444,0.0,3.1363,0.0,1.0,0.0,2.8655000000000004,2.8655000000000004,0.0,1.0,10,0.0382,0.0382,2.8655000000000004,3.1363,15.366518933245455,58.18559523809522,0.0,0.00010578470833333334,0.00010578470833333334
2018-04-01 08:30:00+02:00,3.1363,11.434899999999995,-0.0008711944444444444,0.0,3.1363,0.0,1.0,0.0,0.0,0.0,0.0,1.0,10,0.0537,0.0537,0.0,3.1363,15.366518933245455,54.451904761904736,0.0,0.0,0.0
2018-04-01 08:45:00+02:00,3.1363,10.650824999999994,-0.0008711944444444444,0.0,3.1363,0.0,1.0,0.0,0.0045000000000001705,0.0045000000000001705,0.0,1.0,10,0.0742,0.0742,0.0045000000000001705,3.1363,15.366518933245455,50.71821428571425,0.0,1.661250000000063e-07,1.661250000000063e-07
2018-04-01 09:00:00+02:00,3.1363,9.866749999999993,-0.0008711944444444444,0.0,3.1363,0.0,1.0,0.0,0.009000000000000341,0.009000000000000341,0.0,1.0,10,0.09469999999999999,0.09469999999999999,0.009000000000000341,3.1363,15.366518933245455,46.98452380952377,0.0,3.322500000000126e-07,3.322500000000126e-07
2018-04-01 09:15:00+02:00,3.1065,9.090124999999993,-0.0008629166666666667,-3.311111111111093e-05,3.1065,0.0,1.0,3.311111111111093e-05,0.0,0.0,0.0,1.0,10,0.13849999999999998,0.13849999999999998,0.0,3.1065,15.366518933245455,43.28630952380949,9.19753086419748e-09,0.0,0.0
2018-04-01 09:30:00+02:00,3.0677,8.323199999999995,-0.0008521388888888888,-4.311111111111139e-05,3.0677,0.0,1.0,4.311111111111139e-05,0.0,0.0,0.0,1.0,10,0.1823,0.1823,0.0,3.0677,15.366518933245455,39.63428571428569,1.1975308641975385e-08,0.0,0.0
2018-04-01 09:45:00+02:00,3.0023999999999997,7.572599999999995,-0.0008339999999999999,-7.255555555555574e-05,3.0023999999999997,0.0,1.0,7.255555555555574e-05,0.0,0.0,0.0,1.0,10,0.2576,0.2576,0.0,3.0023999999999997,15.366518933245455,36.059999999999974,2.0154320987654372e-08,0.0,0.0
2018-04-01 10:00:00+02:00,2.937,6.838349999999996,-0.0008158333333333332,-7.266666666666663e-05,2.937,0.0,1.0,7.266666666666663e-05,0.0,0.0,0.0,1.0,10,0.333,0.333,0.0,2.937,15.366518933245455,32.56357142857141,2.0185185185185173e-08,0.0,0.0
2018-04-01 10:15:00+02:00,2.8758,6.119399999999995,-0.0007988333333333334,-6.799999999999948e-05,2.8758,0.0,1.0,6.799999999999948e-05,0.0,0.0,0.0,1.0,10,0.3942,0.3942,0.0,2.8758,15.366518933245455,29.139999999999972,1.8888888888888745e-08,0.0,0.0
2018-04-01 10:30:00+02:00,2.8146,5.415749999999996,-0.0007818333333333334,-6.799999999999992e-05,2.8146,0.0,1.0,6.799999999999992e-05,0.0,0.0,0.0,1.0,10,0.45539999999999997,0.45539999999999997,0.0,2.8146,15.366518933245455,25.789285714285693,1.8888888888888867e-08,0.0,0.0
2018-04-01 10:45:00+02:00,2.6285000000000003,4.758624999999996,-0.000730138888888889,-0.00020677777777777752,2.6285000000000003,0.0,1.0,0.00020677777777777752,0.0,0.0,0.0,1.0,10,0.5915,0.5915,0.0,2.6285000000000003,15.366518933245455,22.660119047619027,5.74382716049382e-08,0.0,0.0
2018-04-01 11:00:00+02:00,0.0,4.758624999999996,0.0,-0.002920555555555556,0.0,0.0,-0.0,0.002920555555555556,2.4424,2.4424,0.0,1.0,10,0.7276,0.7276,2.4424,0.0,15.366518933245455,22.660119047619027,8.112654320987656e-07,9.016526666666667e-05,9.016526666666667e-05
2018-04-01 11:15:00+02:00,0.0,4.758624999999996,0.0,0.0,0.0,0.0,-0.0,0.0,2.5143999999999997,2.5143999999999997,0.0,1.0,10,0.7206,0.7206,2.5143999999999997,0.0,15.366518933245455,22.660119047619027,0.0,9.282326666666666e-05,9.282326666666666e-05
2018-04-01 11:30:00+02:00,0.0,4.758624999999996,0.0,0.0,0.0,0.0,-0.0,0.0,2.5864,2.5864,0.0,1.0,10,0.7136,0.7136,2.5864,0.0,15.366518933245455,22.660119047619027,0.0,9.548126666666666e-05,9.548126666666666e-05
2018-04-01 11:45:00+02:00,0.0,4.758624999999996,0.0,0.0,0.0,0.0,-0.0,0.0,2.7226999999999997,2.7226999999999997,0.0,1.0,10,0.5323,0.5323,2.7226999999999997,0.0,15.366518933245455,22.660119047619027,0.0,0.00010051300833333332,0.00010051300833333332
2018-04-01 12:00:00+02:00,0.0,4.758624999999996,0.0,0.0,0.0,0.0,-0.0,0.0,2.8590999999999998,2.8590999999999998,0.0,1.0,10,0.35090000000000005,0.35090000000000005,2.8590999999999998,0.0,15.366518933245455,22.660119047619027,0.0,0.00010554844166666666,0.00010554844166666666
2018-04-01 12:15:00+02:00,0.0,4.758624999999996,0.0,0.0,0.0,0.0,-0.0,0.0,2.7843,2.7843,0.0,1.0,10,0.4207,0.4207,2.7843,0.0,15.366518933245455,22.660119047619027,0.0,0.00010278707499999999,0.00010278707499999999
2018-04-01 12:30:00+02:00,0.0,4.758624999999996,0.0,0.0,0.0,0.0,-0.0,0.0,2.7095000000000002,2.7095000000000002,0.0,1.0,10,0.49050000000000005,0.49050000000000005,2.7095000000000002,0.0,15.366518933245455,22.660119047619027,0.0,0.00010002570833333333,0.00010002570833333333
2018-04-01 12:45:00+02:00,0.0,4.758624999999996,0.0,0.0,0.0,0.0,-0.0,0.0,2.5928,2.5928,0.0,1.0,10,0.5872,0.5872,2.5928,0.0,15.366518933245455,22.660119047619027,0.0,9.571753333333333e-05,9.571753333333333e-05
2018-04-01 13:00:00+02:00,0.0,4.758624999999996,0.0,0.0,0.0,0.0,-0.0,0.0,2.476,2.476,0.0,1.0,10,0.684,0.684,2.476,0.0,15.366518933245455,22.660119047619027,0.0,9.140566666666666e-05,9.140566666666666e-05
2018-04-01 13:15:00+02:00,0.0,4.758624999999996,0.0,0.0,0.0,0.0,-0.0,0.0,2.4919,2.4919,0.0,1.0,10,0.6830999999999999,0.6830999999999999,2.4919,0.0,15.366518933245455,22.660119047619027,0.0,9.199264166666666e-05,9.199264166666666e-05
2018-04-01 13:30:00+02:00,0.0,4.758624999999996,0.0,0.0,0.0,0.0,-0.0,0.0,2.5079,2.5079,0.0,1.0,10,0.6821,0.6821,2.5079,0.0,15.366518933245455,22.660119047619027,0.0,9.258330833333332e-05,9.258330833333332e-05
2018-04-01 13:45:00+02:00,0.0,4.758624999999996,0.0,0.0,0.0,0.0,-0.0,0.0,2.214,2.214,0.0,1.0,10,0.9660000000000001,0.9660000000000001,2.214,0.0,15.366518933245455,22.660119047619027,0.0,8.173349999999999e-05,8.173349999999999e-05
2018-04-01 14:00:00+02:00,0.0,4.758624999999996,0.0,0.0,0.0,0.0,-0.0,0.0,1.9201,1.9201,0.0,1.0,10,1.2499,1.2499,1.9201,0.0,15.366518933245455,22.660119047619027,0.0,7.088369166666666e-05,7.088369166666666e-05
2018-04-01 14:15:00+02:00,0.0,4.758624999999996,0.0,0.0,0.0,0.0,-0.0,0.0,1.7390000000000003,1.7390000000000003,0.0,1.0,10,1.376,1.376,1.7390000000000003,0.0,15.366518933245455,22.660119047619027,0.0,6.419808333333334e-05,6.419808333333334e-05
2018-04-01 14:30:00+02:00,0.0,4.758624999999996,0.0,0.0,0.0,0.0,-0.0,0.0,1.5579,1.5579,0.0,1.0,10,1.5021,1.5021,1.5579,0.0,15.366518933245455,22.660119047619027,0.0,5.7512475e-05,5.7512475e-05
2018-04-01 14:45:00+02:00,0.0,4.758624999999996,0.0,0.0,0.0,0.0,-0.0,0.0,2.1383,2.1383,0.0,1.0,10,0.9667000000000001,0.9667000000000001,2.1383,0.0,15.366518933245455,22.660119047619027,0.0,7.893890833333334e-05,7.893890833333334e-05
2018-04-01 15:00:00+02:00,0.0,4.758624999999997,0.0,0.0,0.0,0.0,-0.0,0.0,2.7187,2.7187,0.0,1.0,10,0.4313,0.4313,2.7187,0.0,15.366518933245455,22.66011904761903,0.0,0.00010036534166666667,0.00010036534166666667
2018-04-01 15:15:00+02:00,0.0,4.758624999999997,0.0,0.0,0.0,0.0,-0.0,0.0,2.5858000000000003,2.5858000000000003,0.0,1.0,10,0.48919999999999997,0.48919999999999997,2.5858000000000003,0.0,15.366518933245455,22.66011904761903,0.0,9.545911666666668e-05,9.545911666666668e-05
2018-04-01 15:30:00+02:00,0.0,4.758624999999997,0.0,0.0,0.0,0.0,-0.0,0.0,2.4528,2.4528,0.0,1.0,10,0.5472,0.5472,2.4528,0.0,15.366518933245455,22.66011904761903,0.0,9.054919999999999e-05,9.054919999999999e-05
2018-04-01 15:45:00+02:00,0.0,4.758624999999997,0.0,0.0,0.0,0.0,-0.0,0.0,2.5148,2.5148,0.0,1.0,10,0.3952,0.3952,2.5148,0.0,15.366518933245455,22.66011904761903,0.0,9.283803333333333e-05,9.283803333333333e-05
2018-04-01 16:00:00+02:00,0.0,4.758624999999997,0.0,0.0,0.0,0.0,-0.0,0.0,2.5768999999999997,2.5768999999999997,0.0,1.0,10,0.24309999999999998,0.24309999999999998,2.5768999999999997,0.0,15.366518933245455,22.66011904761903,0.0,9.513055833333332e-05,9.513055833333332e-05
2018-04-01 16:15:00+02:00,0.0,4.758624999999997,0.0,0.0,0.0,0.0,-0.0,0.0,2.4571,2.4571,0.0,1.0,10,0.38289999999999996,0.38289999999999996,2.4571,0.0,15.366518933245455,22.66011904761903,0.0,9.070794166666666e-05,9.070794166666666e-05
2018-04-01 16:30:00+02:00,0.0,4.758624999999997,0.0,0.0,0.0,0.0,-0.0,0.0,2.3373,2.3373,0.0,1.0,10,0.5226999999999999,0.5226999999999999,2.3373,0.0,15.366518933245455,22.66011904761903,0.0,8.6285325e-05,8.6285325e-05
2018-04-01 16:45:00+02:00,0.0,4.758624999999997,0.0,0.0,0.0,0.0,-0.0,0.0,2.2823,2.2823,0.0,1.0,10,0.5427,0.5427,2.2823,0.0,15.366518933245455,22.66011904761903,0.0,8.425490833333334e-05,8.425490833333334e-05
2018-04-01 17:00:00+02:00,0.0,4.758624999999997,0.0,0.0,0.0,0.0,-0.0,0.0,2.2273,2.2273,0.0,1.0,10,0.5627,0.5627,2.2273,0.0,15.366518933245455,22.66011904761903,0.0,8.222449166666667e-05,8.222449166666667e-05
2018-04-01 17:15:00+02:00,0.0,4.758624999999997,0.0,0.0,0.0,0.0,-0.0,0.0,2.3149,2.3149,0.0,1.0,10,0.47509999999999997,0.47509999999999997,2.3149,0.0,15.366518933245455,22.66011904761903,0.0,8.545839166666666e-05,8.545839166666666e-05
2018-04-01 17:30:00+02:00,0.0,4.758624999999997,0.0,0.0,0.0,0.0,-0.0,0.0,2.4025,2.4025,0.0,1.0,10,0.3875,0.3875,2.4025,0.0,15.366518933245455,22.66011904761903,0.0,8.869229166666666e-05,8.869229166666666e-05
2018-04-01 17:45:00+02:00,0.0,4.758624999999997,0.0,0.0,0.0,0.0,-0.0,0.0,2.3329,2.3329,0.0,1.0,10,0.4671,0.4671,2.3329,0.0,15.366518933245455,22.66011904761903,0.0,8.612289166666666e-05,8.612289166666666e-05
2018-04-01 18:00:00+02:00,0.0,4.758624999999997,0.0,0.0,0.0,0.0,-0.0,0.0,2.2633,2.2633,0.0,1.0,10,0.5467000000000001,0.5467000000000001,2.2633,0.0,15.366518933245455,22.66011904761903,0.0,8.355349166666667e-05,8.355349166666667e-05
2018-04-01 18:15:00+02:00,0.0,4.758624999999997,0.0,0.0,0.0,0.0,-0.0,0.0,2.5235000000000003,2.5235000000000003,0.0,1.0,10,0.4065,0.4065,2.5235000000000003,0.0,15.366518933245455,22.66011904761903,0.0,9.315920833333334e-05,9.315920833333334e-05
2018-04-01 18:30:00+02:00,1.0596071428571439,4.49372321428571,-0.00029433531746031775,0.001177341269841271,1.0596071428571439,0.0,1.0,0.001177341269841271,1.724192857142856,1.724192857142856,0.0,1.0,10,0.2662,0.2662,1.724192857142856,1.0596071428571439,15.366518933245455,21.398681972789095,3.270392416225753e-07,6.365145297619043e-05,6.365145297619043e-05
2018-04-01 18:45:00+02:00,1.0596071428571427,4.2288214285714245,-0.0002943353174603174,-1.3010426069826053e-18,1.0596071428571427,0.0,1.0,0.0,1.7084928571428573,1.7084928571428573,0.0,1.0,10,0.1969,0.1969,1.7084928571428573,1.0596071428571427,15.366518933245455,20.137244897959164,0.0,6.30718613095238e-05,6.30718613095238e-05
2018-04-01 19:00:00+02:00,1.0596071428571427,3.963919642857139,-0.0002943353174603174,0.0,1.0596071428571427,0.0,1.0,0.0,1.692792857142857,1.692792857142857,0.0,1.0,10,0.1276,0.1276,1.692792857142857,1.0596071428571427,15.366518933245455,18.875807823129232,0.0,6.249226964285714e-05,6.249226964285714e-05
2018-04-01 19:15:00+02:00,1.0596071428571427,3.6990178571428536,-0.0002943353174603174,0.0,1.0596071428571427,0.0,1.0,0.0,1.7211928571428574,1.7211928571428574,0.0,1.0,10,0.09419999999999999,0.09419999999999999,1.7211928571428574,1.0596071428571427,15.366518933245455,17.614370748299304,0.0,6.354070297619049e-05,6.354070297619049e-05
2018-04-01 19:30:00+02:00,1.0596071428571427,3.4341160714285675,-0.0002943353174603174,0.0,1.0596071428571427,0.0,1.0,0.0,1.7496928571428572,1.7496928571428572,0.0,1.0,10,0.0607,0.0607,1.7496928571428572,1.0596071428571427,15.366518933245455,16.352933673469366,0.0,6.459282797619048e-05,6.459282797619048e-05
2018-04-01 19:45:00+02:00,1.0596071428571425,3.1692142857142818,-0.00029433531746031737,-2.168404344971009e-19,1.0596071428571425,0.0,1.0,0.0,1.8000928571428576,1.8000928571428576,0.0,1.0,10,0.0303,0.0303,1.8000928571428576,1.0596071428571425,15.366518933245455,15.091496598639436,0.0,6.645342797619049e-05,6.645342797619049e-05
2018-04-01 20:00:00+02:00,1.0596071428571425,2.904312499999996,-0.00029433531746031737,0.0,1.0596071428571425,0.0,1.0,0.0,1.8503928571428576,1.8503928571428576,0.0,1.0,10,0.0,0.0,1.8503928571428576,1.0596071428571425,15.366518933245455,13.830059523809506,0.0,6.831033630952382e-05,6.831033630952382e-05
2018-04-01 20:15:00+02:00,1.0596071428571425,2.639410714285711,-0.00029433531746031737,0.0,1.0596071428571425,0.0,1.0,0.0,1.8853928571428573,1.8853928571428573,0.0,1.0,10,0.0,0.0,1.8853928571428573,1.0596071428571425,15.366518933245455,12.568622448979575,0.0,6.960241964285714e-05,6.960241964285714e-05
2018-04-01 20:30:00+02:00,1.0596071428571425,2.374508928571425,-0.00029433531746031737,0.0,1.0596071428571425,0.0,1.0,0.0,1.9203928571428575,1.9203928571428575,0.0,1.0,10,0.0,0.0,1.9203928571428575,1.0596071428571425,15.366518933245455,11.307185374149643,0.0,7.089450297619049e-05,7.089450297619049e-05
2018-04-01 20:45:00+02:00,1.0596071428571425,2.1096071428571395,-0.00029433531746031737,0.0,1.0596071428571425,0.0,1.0,0.0,1.9253928571428574,1.9253928571428574,0.0,1.0,10,0.0,0.0,1.9253928571428574,1.0596071428571425,15.366518933245455,10.045748299319712,0.0,7.107908630952382e-05,7.107908630952382e-05
2018-04-01 21:00:00+02:00,1.0596071428571425,1.844705357142854,-0.00029433531746031737,0.0,1.0596071428571425,0.0,1.0,0.0,1.9303928571428577,1.9303928571428577,0.0,1.0,10,0.0,0.0,1.9303928571428577,1.0596071428571425,15.366518933245455,8.78431122448978,0.0,7.126366964285715e-05,7.126366964285715e-05
2018-04-01 21:15:00+02:00,1.0596071428571425,1.5798035714285683,-0.00029433531746031737,0.0,1.0596071428571425,0.0,1.0,0.0,1.8103928571428576,1.8103928571428576,0.0,1.0,10,0.0,0.0,1.8103928571428576,1.0596071428571425,15.366518933245455,7.522874149659849,0.0,6.683366964285716e-05,6.683366964285716e-05
2018-04-01 21:30:00+02:00,1.0596071428571423,1.3149017857142828,-0.0002943353174603173,-2.168404344971009e-19,1.0596071428571423,0.0,1.0,0.0,1.6903928571428577,1.6903928571428577,0.0,1.0,10,0.0,0.0,1.6903928571428577,1.0596071428571423,15.366518933245455,6.261437074829918,0.0,6.240366964285716e-05,6.240366964285716e-05
2018-04-01 21:45:00+02:00,1.0596071428571423,1.0499999999999972,-0.0002943353174603173,0.0,1.0596071428571423,0.0,1.0,0.0,1.7503928571428577,1.7503928571428577,0.0,1.0,10,0.0,0.0,1.7503928571428577,1.0596071428571423,15.366518933245455,4.999999999999986,0.0,6.461866964285717e-05,6.461866964285717e-05
2018-04-01 22:00:00+02:00,0.0,1.0499999999999972,0.0,-0.0011773412698412693,0.0,0.0,-0.0,0.0011773412698412693,2.87,2.87,0.0,1.0,10,0.0,0.0,2.87,0.0,15.366518933245455,4.999999999999986,3.270392416225748e-07,0.00010595083333333333,0.00010595083333333333
2018-04-01 22:15:00+02:00,-2.438709677419355,1.6596774193548358,0.0006774193548387097,-0.002709677419354839,0.0,2.438709677419355,-0.0,0.002709677419354839,5.293709677419355,5.293709677419355,0.0,1.0,10,0.0,0.0,5.293709677419355,-2.438709677419355,15.366518933245455,7.903225806451599,7.526881720430107e-07,0.0001623404301075269,0.0001623404301075269
2018-04-01 22:30:00+02:00,-2.438709677419355,2.2693548387096745,0.0006774193548387097,0.0,0.0,2.438709677419355,-0.0,0.0,5.278709677419355,5.278709677419355,0.0,1.0,10,0.0,0.0,5.278709677419355,-2.438709677419355,15.366518933245455,10.806451612903212,0.0,0.00016188043010752692,0.00016188043010752692
2018-04-01 22:45:00+02:00,-2.438709677419355,2.8790322580645133,0.0006774193548387097,0.0,0.0,2.438709677419355,-0.0,0.0,5.248709677419355,5.248709677419355,0.0,1.0,10,0.0,0.0,5.248709677419355,-2.438709677419355,15.366518933245455,13.709677419354826,0.0,0.0001609604301075269,0.0001609604301075269
2018-04-01 23:00:00+02:00,-2.438709677419355,3.4887096774193522,0.0006774193548387097,0.0,0.0,2.438709677419355,-0.0,0.0,5.218709677419355,5.218709677419355,0.0,1.0,10,0.0,0.0,5.218709677419355,-2.438709677419355,15.366518933245455,16.612903225806438,0.0,0.0001600404301075269,0.0001600404301075269
2018-04-01 23:15:00+02:00,-2.438709677419355,4.09838709677419,0.0006774193548387097,0.0,0.0,2.438709677419355,-0.0,0.0,5.268709677419356,5.268709677419356,0.0,1.0,10,0.0,0.0,5.268709677419356,-2.438709677419355,15.366518933245455,19.51612903225805,0.0,0.00016157376344086026,0.00016157376344086026
2018-04-01 23:30:00+02:00,-2.438709677419355,4.708064516129029,0.0006774193548387097,0.0,0.0,2.438709677419355,-0.0,0.0,5.3187096774193545,5.3187096774193545,0.0,1.0,10,0.0,0.0,5.3187096774193545,-2.438709677419355,15.366518933245455,22.419354838709662,0.0,0.00016310709677419354,0.00016310709677419354
2018-04-01 23:45:00+02:00,-2.438709677419355,5.317741935483868,0.0006774193548387097,0.0,0.0,2.438709677419355,-0.0,0.0,5.3187096774193545,5.3187096774193545,0.0,1.0,10,0.0,0.0,5.3187096774193545,-2.438709677419355,15.366518933245455,25.322580645161278,0.0,0.00016310709677419354,0.00016310709677419354
2018-04-02 00:00:00+02:00,-2.438709677419355,5.927419354838706,0.0006774193548387097,0.0,0.0,2.438709677419355,-0.0,0.0,5.3187096774193545,5.3187096774193545,0.0,1.0,10,0.0,0.0,5.3187096774193545,-2.438709677419355,15.366518933245455,28.225806451612886,0.0,0.00016310709677419354,0.00016310709677419354
2018-04-02 00:15:00+02:00,-2.438709677419355,6.537096774193546,0.0006774193548387097,0.0,0.0,2.438709677419355,-0.0,0.0,5.303709677419356,5.303709677419356,0.0,1.0,10,0.0,0.0,5.303709677419356,-2.438709677419355,15.366518933245455,31.1290322580645,0.0,0.0001626470967741936,0.0001626470967741936
2018-04-02 00:30:00+02:00,-2.438709677419355,7.146774193548385,0.0006774193548387097,0.0,0.0,2.438709677419355,-0.0,0.0,5.288709677419355,5.288709677419355,0.0,1.0,10,0.0,0.0,5.288709677419355,-2.438709677419355,15.366518933245455,34.03225806451612,0.0,0.00016218709677419358,0.00016218709677419358
2018-04-02 00:45:00+02:00,-2.438709677419355,7.756451612903226,0.0006774193548387097,0.0,0.0,2.438709677419355,-0.0,0.0,5.298709677419355,5.298709677419355,0.0,1.0,10,0.0,0.0,5.298709677419355,-2.438709677419355,15.366518933245455,36.93548387096774,0.0,0.00016249376344086024,0.00016249376344086024
2018-04-02 01:00:00+02:00,-2.438709677419355,8.366129032258064,0.0006774193548387097,0.0,0.0,2.438709677419355,-0.0,0.0,5.308709677419355,5.308709677419355,0.0,1.0,10,0.0,0.0,5.308709677419355,-2.438709677419355,15.366518933245455,39.838709677419345,0.0,0.00016280043010752688,0.00016280043010752688
2018-04-02 01:15:00+02:00,-2.438709677419355,8.975806451612902,0.0006774193548387097,0.0,0.0,2.438709677419355,-0.0,0.0,5.308709677419355,5.308709677419355,0.0,1.0,10,0.0,0.0,5.308709677419355,-2.438709677419355,15.366518933245455,42.74193548387096,0.0,0.00016280043010752688,0.00016280043010752688
2018-04-02 01:30:00+02:00,-2.438709677419355,9.58548387096774,0.0006774193548387097,0.0,0.0,2.438709677419355,-0.0,0.0,5.308709677419355,5.308709677419355,0.0,1.0,10,0.0,0.0,5.308709677419355,-2.438709677419355,15.366518933245455,45.64516129032257,0.0,0.00016280043010752688,0.00016280043010752688
2018-04-02 01:45:00+02:00,-2.4387096774193546,10.195161290322579,0.0006774193548387096,4.336808689942018e-19,0.0,2.4387096774193546,-0.0,0.0,5.303709677419355,5.303709677419355,0.0,1.0,10,0.0,0.0,5.303709677419355,-2.4387096774193546,15.366518933245455,48.548387096774185,0.0,0.00016264709677419356,0.00016264709677419356
2018-04-02 02:00:00+02:00,-2.4387096774193546,10.804838709677416,0.0006774193548387096,0.0,0.0,2.4387096774193546,-0.0,0.0,5.298709677419355,5.298709677419355,0.0,1.0,10,0.0,0.0,5.298709677419355,-2.4387096774193546,15.366518933245455,51.45161290322578,0.0,0.00016249376344086024,0.00016249376344086024
2018-04-02 02:15:00+02:00,-2.4387096774193546,11.414516129032254,0.0006774193548387096,0.0,0.0,2.4387096774193546,-0.0,0.0,5.293709677419354,5.293709677419354,0.0,1.0,10,0.0,0.0,5.293709677419354,-2.4387096774193546,15.366518933245455,54.354838709677395,0.0,0.00016234043010752687,0.00016234043010752687
2018-04-02 02:30:00+02:00,-2.4387096774193546,12.024193548387094,0.0006774193548387096,0.0,0.0,2.4387096774193546,-0.0,0.0,5.288709677419355,5.288709677419355,0.0,1.0,10,0.0,0.0,5.288709677419355,-2.4387096774193546,15.366518933245455,57.258064516129025,0.0,0.00016218709677419358,0.00016218709677419358
2018-04-02 02:45:00+02:00,-2.4387096774193546,12.633870967741933,0.0006774193548387096,0.0,0.0,2.4387096774193546,-0.0,0.0,5.293709677419354,5.293709677419354,0.0,1.0,10,0.0,0.0,5.293709677419354,-2.4387096774193546,15.366518933245455,60.161290322580626,0.0,0.00016234043010752687,0.00016234043010752687
2018-04-02 03:00:00+02:00,-2.4387096774193546,13.243548387096771,0.0006774193548387096,0.0,0.0,2.4387096774193546,-0.0,0.0,5.298709677419355,5.298709677419355,0.0,1.0,10,0.0,0.0,5.298709677419355,-2.4387096774193546,15.366518933245455,63.06451612903224,0.0,0.00016249376344086024,0.00016249376344086024
2018-04-02 03:15:00+02:00,-2.438709677419355,13.853225806451617,0.0006774193548387097,-4.336808689942018e-19,0.0,2.438709677419355,-0.0,0.0,5.338709677419355,5.338709677419355,0.0,1.0,10,0.0,0.0,5.338709677419355,-2.438709677419355,15.366518933245455,65.96774193548389,0.0,0.0001637204301075269,0.0001637204301075269
2018-04-02 03:30:00+02:00,-2.438709677419355,14.462903225806455,0.0006774193548387097,0.0,0.0,2.438709677419355,-0.0,0.0,5.378709677419355,5.378709677419355,0.0,1.0,10,0.0,0.0,5.378709677419355,-2.438709677419355,15.366518933245455,68.8709677419355,0.0,0.00016494709677419356,0.00016494709677419356
2018-04-02 03:45:00+02:00,-2.438709677419355,15.072580645161294,0.0006774193548387097,0.0,0.0,2.438709677419355,-0.0,0.0,5.353709677419355,5.353709677419355,0.0,1.0,10,0.0,0.0,5.353709677419355,-2.438709677419355,15.366518933245455,71.7741935483871,0.0,0.0001641804301075269,0.0001641804301075269
2018-04-02 04:00:00+02:00,-2.438709677419355,15.68225806451613,0.0006774193548387097,0.0,0.0,2.438709677419355,-0.0,0.0,5.328709677419355,5.328709677419355,0.0,1.0,10,0.0,0.0,5.328709677419355,-2.438709677419355,15.366518933245455,74.6774193548387,0.0,0.00016341376344086023,0.00016341376344086023
2018-04-02 04:15:00+02:00,-2.438709677419355,16.29193548387097,0.0006774193548387097,0.0,0.0,2.438709677419355,-0.0,0.0,5.308709677419355,5.308709677419355,0.0,1.0,10,0.0,0.0,5.308709677419355,-2.438709677419355,15.366518933245455,77.58064516129032,0.0,0.00016280043010752688,0.00016280043010752688
2018-04-02 04:30:00+02:00,-2.438709677419355,16.901612903225807,0.0006774193548387097,0.0,0.0,2.438709677419355,-0.0,0.0,5.288709677419355,5.288709677419355,0.0,1.0,10,0.0,0.0,5.288709677419355,-2.438709677419355,15.366518933245455,80.48387096774194,0.0,0.00016218709677419358,0.00016218709677419358
2018-04-02 04:45:00+02:00,-2.438709677419355,17.511290322580646,0.0006774193548387097,0.0,0.0,2.438709677419355,-0.0,0.0,5.333709677419355,5.333709677419355,0.0,1.0,10,0.0,0.0,5.333709677419355,-2.438709677419355,15.366518933245455,83.38709677419355,0.0,0.00016356709677419357,0.00016356709677419357
2018-04-02 05:00:00+02:00,-2.438709677419355,18.120967741935484,0.0006774193548387097,0.0,0.0,2.438709677419355,-0.0,0.0,5.378709677419355,5.378709677419355,0.0,1.0,10,0.0,0.0,5.378709677419355,-2.438709677419355,15.366518933245455,86.29032258064515,0.0,0.00016494709677419356,0.00016494709677419356
2018-04-02 05:15:00+02:00,-2.438709677419355,18.730645161290322,0.0006774193548387097,0.0,0.0,2.438709677419355,0.0,0.0,7.958709677419355,7.958709677419355,0.0,1.0,10,0.0,0.0,7.958709677419355,-2.438709677419355,15.366518933245455,89.19354838709677,0.0,0.00024406709677419358,0.00024406709677419358
2018-04-02 05:30:00+02:00,-2.4387096774193524,19.34032258064516,0.000677419354838709,2.6020852139652106e-18,0.0,2.4387096774193524,-0.0,0.0,10.538709677419352,10.538709677419352,0.0,1.0,10,0.0,0.0,10.538709677419352,-2.4387096774193524,15.366518933245455,92.09677419354838,0.0,0.0003231870967741935,0.0003231870967741935
2018-04-02 05:45:00+02:00,-2.4387096774193524,19.95,0.000677419354838709,0.0,0.0,2.4387096774193524,0.0,0.0,8.243709677419352,8.243709677419352,0.0,1.0,10,0.0,0.0,8.243709677419352,-2.4387096774193524,15.366518933245455,95.0,0.0,0.0002528070967741935,0.0002528070967741935
2018-04-02 06:00:00+02:00,2.97,19.2075,-0.0008250000000000001,0.006009677419354837,2.97,0.0,1.0,0.006009677419354837,0.5399999999999996,0.5399999999999996,0.0,1.0,10,0.0,0.0,0.5399999999999996,2.97,15.366518933245455,91.46428571428571,1.669354838709677e-06,1.9934999999999984e-05,1.9934999999999984e-05
2018-04-02 06:15:00+02:00,2.97,18.464999999999996,-0.0008250000000000001,0.0,2.97,0.0,1.0,0.0,0.27,0.27,0.0,1.0,10,0.0,0.0,0.27,2.97,15.366518933245455,87.9285714285714,0.0,9.9675e-06,9.9675e-06
2018-04-02 06:30:00+02:00,2.97,17.722499999999997,-0.0008250000000000001,0.0,2.97,0.0,1.0,0.0,0.0,0.0,0.0,1.0,10,0.0,0.0,0.0,2.97,15.366518933245455,84.39285714285711,0.0,0.0,0.0
2018-04-02 06:45:00+02:00,3.149,16.935249999999996,-0.0008747222222222223,0.00019888888888888864,3.149,0.0,1.0,0.00019888888888888864,0.0,0.0,0.0,1.0,10,0.001,0.001,0.0,3.149,15.366518933245455,80.6440476190476,5.5246913580246845e-08,0.0,0.0
2018-04-02 07:00:00+02:00,3.2811,16.114974999999998,-0.0009114166666666666,0.00014677777777777736,3.2811,0.0,1.0,0.00014677777777777736,0.046900000000000386,0.046900000000000386,0.0,1.0,10,0.002,0.002,0.046900000000000386,3.2811,15.366518933245455,76.73797619047618,4.077160493827149e-08,1.731391666666681e-06,1.731391666666681e-06
2018-04-02 07:15:00+02:00,3.2811,15.294699999999999,-0.0009114166666666666,0.0,3.2811,0.0,1.0,0.0,0.023499999999999854,0.023499999999999854,0.0,1.0,10,0.0104,0.0104,0.023499999999999854,3.2811,15.366518933245455,72.83190476190475,0.0,8.675416666666612e-07,8.675416666666612e-07
2018-04-02 07:30:00+02:00,3.2811,14.474424999999997,-0.0009114166666666666,0.0,3.2811,0.0,1.0,0.0,0.0,0.0,0.0,1.0,10,0.0189,0.0189,0.0,3.2811,15.366518933245455,68.92583333333332,0.0,0.0,0.0
2018-04-02 07:45:00+02:00,3.2201,13.669399999999996,-0.0008944722222222222,-6.777777777777771e-05,3.2201,0.0,1.0,6.777777777777771e-05,0.0,0.0,0.0,1.0,10,0.054900000000000004,0.054900000000000004,0.0,3.2201,15.366518933245455,65.09238095238094,1.8827160493827142e-08,0.0,0.0
2018-04-02 08:00:00+02:00,3.1592000000000002,12.879599999999996,-0.0008775555555555556,-6.76666666666664e-05,3.1592000000000002,0.0,1.0,6.76666666666664e-05,0.0,0.0,0.0,1.0,10,0.09079999999999999,0.09079999999999999,0.0,3.1592000000000002,15.366518933245455,61.331428571428546,1.879629629629622e-08,0.0,0.0
2018-04-02 08:15:00+02:00,3.0864,12.107999999999997,-0.0008573333333333333,-8.088888888888902e-05,3.0864,0.0,1.0,8.088888888888902e-05,0.0,0.0,0.0,1.0,10,0.1636,0.1636,0.0,3.0864,15.366518933245455,57.657142857142844,2.2469135802469172e-08,0.0,0.0
2018-04-02 08:30:00+02:00,3.0137,11.354574999999997,-0.0008371388888888889,-8.07777777777777e-05,3.0137,0.0,1.0,8.07777777777777e-05,0.0,0.0,0.0,1.0,10,0.2363,0.2363,0.0,3.0137,15.366518933245455,54.06940476190475,2.243827160493825e-08,0.0,0.0
2018-04-02 08:45:00+02:00,2.9188,10.624874999999996,-0.0008107777777777778,-0.00010544444444444447,2.9188,0.0,1.0,0.00010544444444444447,0.0,0.0,0.0,1.0,10,0.3112,0.3112,0.0,2.9188,15.366518933245455,50.59464285714283,2.929012345679013e-08,0.0,0.0
2018-04-02 09:00:00+02:00,2.8239,9.918899999999997,-0.0007844166666666667,-0.00010544444444444447,2.8239,0.0,1.0,0.00010544444444444447,0.0,0.0,0.0,1.0,10,0.3861,0.3861,0.0,2.8239,15.366518933245455,47.23285714285713,2.929012345679013e-08,0.0,0.0
2018-04-02 09:15:00+02:00,2.8483,9.206824999999997,-0.0007911944444444444,2.7111111111111e-05,2.8483,0.0,1.0,2.7111111111111e-05,0.0,0.0,0.0,1.0,10,0.4367,0.4367,0.0,2.8483,15.366518933245455,43.84202380952379,7.530864197530834e-09,0.0,0.0
2018-04-02 09:30:00+02:00,2.8726,8.488674999999997,-0.0007979444444444444,2.7000000000000114e-05,2.8726,0.0,1.0,2.7000000000000114e-05,0.0,0.0,0.0,1.0,10,0.4874,0.4874,0.0,2.8726,15.366518933245455,40.42226190476189,7.500000000000032e-09,0.0,0.0
2018-04-02 09:45:00+02:00,3.1275999999999997,7.706774999999998,-0.0008687777777777777,0.0002833333333333329,3.1275999999999997,0.0,1.0,0.0002833333333333329,0.0,0.0,0.0,1.0,10,0.4424,0.4424,0.0,3.1275999999999997,15.366518933245455,36.69892857142856,7.870370370370359e-08,0.0,0.0
2018-04-02 10:00:00+02:00,3.3826,6.861124999999997,-0.0009396111111111111,0.0002833333333333338,3.3826,0.0,1.0,0.0002833333333333338,0.0,0.0,0.0,1.0,10,0.3974,0.3974,0.0,3.3826,15.366518933245455,32.67202380952379,7.870370370370382e-08,0.0,0.0
2018-04-02 10:15:00+02:00,4.7918,5.663174999999997,-0.0013310555555555556,0.001565777777777778,4.7918,0.0,1.0,0.001565777777777778,0.47829999999999995,0.47829999999999995,0.0,1.0,10,0.5649,0.5649,0.47829999999999995,4.7918,15.366518933245455,26.967499999999987,4.349382716049383e-07,1.7657241666666663e-05,1.7657241666666663e-05
2018-04-02 10:30:00+02:00,4.7918,4.465224999999997,-0.0013310555555555556,0.0,4.7918,0.0,1.0,0.0,2.3657999999999992,2.3657999999999992,0.0,1.0,10,0.7323999999999999,0.7323999999999999,2.3657999999999992,4.7918,15.366518933245455,21.262976190476174,0.0,8.733744999999997e-05,8.733744999999997e-05
2018-04-02 10:45:00+02:00,4.7918,3.2672749999999966,-0.0013310555555555556,0.0,4.7918,0.0,1.0,0.0,0.0,0.0,0.0,1.0,10,0.6981999999999999,0.6981999999999999,0.0,4.7918,15.366518933245455,15.558452380952366,0.0,0.0,0.0
2018-04-02 11:00:00+02:00,0.0,3.2672749999999966,0.0,-0.005324222222222222,0.0,0.0,-0.0,0.005324222222222222,2.4259999999999997,2.4259999999999997,0.0,1.0,10,0.664,0.664,2.4259999999999997,0.0,15.366518933245455,15.558452380952366,1.4789506172839507e-06,8.955983333333332e-05,8.955983333333332e-05
2018-04-02 11:15:00+02:00,0.0,3.2672749999999966,0.0,0.0,0.0,0.0,-0.0,0.0,2.3751,2.3751,0.0,1.0,10,0.7199,0.7199,2.3751,0.0,15.366518933245455,15.558452380952366,0.0,8.768077500000001e-05,8.768077500000001e-05
2018-04-02 11:30:00+02:00,0.0,3.2672749999999966,0.0,0.0,0.0,0.0,-0.0,0.0,2.3242000000000003,2.3242000000000003,0.0,1.0,10,0.7757999999999999,0.7757999999999999,2.3242000000000003,0.0,15.366518933245455,15.558452380952366,0.0,8.580171666666667e-05,8.580171666666667e-05
2018-04-02 11:45:00+02:00,0.0,3.2672749999999966,0.0,0.0,0.0,0.0,-0.0,0.0,2.1249000000000002,2.1249000000000002,0.0,1.0,10,1.0151000000000001,1.0151000000000001,2.1249000000000002,0.0,15.366518933245455,15.558452380952366,0.0,7.8444225e-05,7.8444225e-05
2018-04-02 12:00:00+02:00,0.0,3.2672749999999966,0.0,0.0,0.0,0.0,-0.0,0.0,1.9255,1.9255,0.0,1.0,10,1.2545000000000002,1.2545000000000002,1.9255,0.0,15.366518933245455,15.558452380952366,0.0,7.108304166666667e-05,7.108304166666667e-05
2018-04-02 12:15:00+02:00,0.0,3.2672749999999966,0.0,0.0,0.0,0.0,-0.0,0.0,1.7653999999999999,1.7653999999999999,0.0,1.0,10,1.2646,1.2646,1.7653999999999999,0.0,15.366518933245455,15.558452380952366,0.0,6.517268333333332e-05,6.517268333333332e-05
2018-04-02 12:30:00+02:00,0.0,3.2672749999999966,0.0,0.0,0.0,0.0,0.0,0.0,1.6053,1.6053,0.0,1.0,10,1.2747,1.2747,1.6053,0.0,15.366518933245455,15.558452380952366,0.0,5.9262325e-05,5.9262325e-05
2018-04-02 12:45:00+02:00,0.0,3.2672749999999966,0.0,0.0,0.0,0.0,-0.0,0.0,2.1388,2.1388,0.0,1.0,10,0.8612,0.8612,2.1388,0.0,15.366518933245455,15.558452380952366,0.0,7.895736666666666e-05,7.895736666666666e-05
2018-04-02 13:00:00+02:00,0.0,3.2672749999999966,0.0,0.0,0.0,0.0,-0.0,0.0,2.6723,2.6723,0.0,1.0,10,0.4477,0.4477,2.6723,0.0,15.366518933245455,15.558452380952366,0.0,9.865240833333332e-05,9.865240833333332e-05
2018-04-02 13:15:00+02:00,0.0,3.2672749999999966,0.0,0.0,0.0,0.0,-0.0,0.0,2.4205,2.4205,0.0,1.0,10,0.6845,0.6845,2.4205,0.0,15.366518933245455,15.558452380952366,0.0,8.935679166666666e-05,8.935679166666666e-05
2018-04-02 13:30:00+02:00,0.0,3.2672749999999966,0.0,0.0,0.0,0.0,-0.0,0.0,2.1688,2.1688,0.0,1.0,10,0.9211999999999999,0.9211999999999999,2.1688,0.0,15.366518933245455,15.558452380952366,0.0,8.006486666666667e-05,8.006486666666667e-05
2018-04-02 13:45:00+02:00,0.0,3.2672749999999966,0.0,0.0,0.0,0.0,-0.0,0.0,2.1282,2.1282,0.0,1.0,10,0.9768,0.9768,2.1282,0.0,15.366518933245455,15.558452380952366,0.0,7.856605e-05,7.856605e-05
2018-04-02 14:00:00+02:00,0.0,3.2672749999999966,0.0,0.0,0.0,0.0,-0.0,0.0,2.0877,2.0877,0.0,1.0,10,1.0323,1.0323,2.0877,0.0,15.366518933245455,15.558452380952366,0.0,7.7070925e-05,7.7070925e-05
2018-04-02 14:15:00+02:00,1.3431000000000015,2.931499999999996,-0.0003730833333333338,0.001492333333333335,1.3431000000000015,0.0,1.0,0.001492333333333335,0.37229999999999874,0.37229999999999874,0.0,1.0,10,1.1945999999999999,1.1945999999999999,0.37229999999999874,1.3431000000000015,15.366518933245455,13.959523809523791,4.145370370370375e-07,1.3744074999999954e-05,1.3744074999999954e-05
2018-04-02 14:30:00+02:00,1.3431000000000015,2.595724999999996,-0.0003730833333333338,0.0,1.3431000000000015,0.0,1.0,0.0,-1.3322676295501878e-15,0.0,0.0,1.0,10,1.3569,1.3569,-1.3322676295501878e-15,1.3431000000000015,15.366518933245455,12.360595238095218,0.0,0.0,0.0
2018-04-02 14:45:00+02:00,1.545724999999999,2.2092937499999965,-0.00042936805555555523,0.00022513888888888584,1.545724999999999,0.0,1.0,0.00022513888888888584,0.11297500000000071,0.11297500000000071,0.0,1.0,10,1.1013000000000002,1.1013000000000002,0.11297500000000071,1.545724999999999,15.366518933245455,10.520446428571411,6.253858024691274e-08,4.170660416666693e-06,4.170660416666693e-06
2018-04-02 15:00:00+02:00,1.545724999999999,1.8228624999999965,-0.00042936805555555523,0.0,1.545724999999999,0.0,1.0,0.0,0.428675000000001,0.428675000000001,0.0,1.0,10,0.8455999999999999,0.8455999999999999,0.428675000000001,1.545724999999999,15.366518933245455,8.680297619047602,0.0,1.582525208333337e-05,1.582525208333337e-05
2018-04-02 15:15:00+02:00,1.545724999999999,1.436431249999997,-0.00042936805555555523,0.0,1.545724999999999,0.0,1.0,0.0,0.3322750000000012,0.3322750000000012,0.0,1.0,10,0.957,0.957,0.3322750000000012,1.545724999999999,15.366518933245455,6.840148809523794,0.0,1.226648541666671e-05,1.226648541666671e-05
2018-04-02 15:30:00+02:00,1.545724999999999,1.0499999999999972,-0.00042936805555555523,0.0,1.545724999999999,0.0,1.0,0.0,0.23587500000000117,0.23587500000000117,0.0,1.0,10,1.0684,1.0684,0.23587500000000117,1.545724999999999,15.366518933245455,4.999999999999986,0.0,8.707718750000043e-06,8.707718750000043e-06
2018-04-02 15:45:00+02:00,0.0,1.0499999999999972,0.0,-0.001717472222222221,0.0,0.0,-0.0,0.001717472222222221,2.0164,2.0164,0.0,1.0,10,0.7335999999999999,0.7335999999999999,2.0164,0.0,15.366518933245455,4.999999999999986,4.770756172839502e-07,7.443876666666666e-05,7.443876666666666e-05
2018-04-02 16:00:00+02:00,0.0,1.0499999999999972,0.0,0.0,0.0,0.0,-0.0,0.0,2.2512999999999996,2.2512999999999996,0.0,1.0,10,0.39870000000000005,0.39870000000000005,2.2512999999999996,0.0,15.366518933245455,4.999999999999986,0.0,8.311049166666664e-05,8.311049166666664e-05
2018-04-02 16:15:00+02:00,0.0,1.0499999999999972,0.0,0.0,0.0,0.0,-0.0,0.0,2.2668999999999997,2.2668999999999997,0.0,1.0,10,0.3831,0.3831,2.2668999999999997,0.0,15.366518933245455,4.999999999999986,0.0,8.368639166666665e-05,8.368639166666665e-05
2018-04-02 16:30:00+02:00,0.0,1.0499999999999972,0.0,0.0,0.0,0.0,-0.0,0.0,2.2824,2.2824,0.0,1.0,10,0.36760000000000004,0.36760000000000004,2.2824,0.0,15.366518933245455,4.999999999999986,0.0,8.425859999999999e-05,8.425859999999999e-05
2018-04-02 16:45:00+02:00,0.0,1.0499999999999972,0.0,0.0,0.0,0.0,-0.0,0.0,2.2577,2.2577,0.0,1.0,10,0.3923,0.3923,2.2577,0.0,15.366518933245455,4.999999999999986,0.0,8.334675833333333e-05,8.334675833333333e-05
2018-04-02 17:00:00+02:00,0.0,1.0499999999999972,0.0,0.0,0.0,0.0,-0.0,0.0,2.2329999999999997,2.2329999999999997,0.0,1.0,10,0.41700000000000004,0.41700000000000004,2.2329999999999997,0.0,15.366518933245455,4.999999999999986,0.0,8.243491666666665e-05,8.243491666666665e-05
2018-04-02 17:15:00+02:00,0.0,1.0499999999999972,0.0,0.0,0.0,0.0,-0.0,0.0,2.2956000000000003,2.2956000000000003,0.0,1.0,10,0.3644,0.3644,2.2956000000000003,0.0,15.366518933245455,4.999999999999986,0.0,8.474590000000001e-05,8.474590000000001e-05
2018-04-02 17:30:00+02:00,0.0,1.0499999999999972,0.0,0.0,0.0,0.0,-0.0,0.0,2.3581,2.3581,0.0,1.0,10,0.3119,0.3119,2.3581,0.0,15.366518933245455,4.999999999999986,0.0,8.705319166666666e-05,8.705319166666666e-05
2018-04-02 17:45:00+02:00,0.0,1.0499999999999972,0.0,0.0,0.0,0.0,-0.0,0.0,2.4049,2.4049,0.0,1.0,10,0.2451,0.2451,2.4049,0.0,15.366518933245455,4.999999999999986,0.0,8.878089166666666e-05,8.878089166666666e-05
2018-04-02 18:00:00+02:00,0.0,1.0499999999999972,0.0,0.0,0.0,0.0,-0.0,0.0,2.4516999999999998,2.4516999999999998,0.0,1.0,10,0.1783,0.1783,2.4516999999999998,0.0,15.366518933245455,4.999999999999986,0.0,9.050859166666665e-05,9.050859166666665e-05
2018-04-02 18:15:00+02:00,0.0,1.0499999999999972,0.0,0.0,0.0,0.0,-0.0,0.0,2.4934999999999996,2.4934999999999996,0.0,1.0,10,0.1615,0.1615,2.4934999999999996,0.0,15.366518933245455,4.999999999999986,0.0,9.205170833333332e-05,9.205170833333332e-05
2018-04-02 18:30:00+02:00,0.0,1.0499999999999972,0.0,0.0,0.0,0.0,-0.0,0.0,2.5353000000000003,2.5353000000000003,0.0,1.0,10,0.1447,0.1447,2.5353000000000003,0.0,15.366518933245455,4.999999999999986,0.0,9.359482500000001e-05,9.359482500000001e-05
2018-04-02 18:45:00+02:00,0.0,1.0499999999999972,0.0,0.0,0.0,0.0,-0.0,0.0,2.5743,2.5743,0.0,1.0,10,0.10070000000000001,0.10070000000000001,2.5743,0.0,15.366518933245455,4.999999999999986,0.0,9.503457499999999e-05,9.503457499999999e-05
2018-04-02 19:00:00+02:00,0.0,1.0499999999999972,0.0,0.0,0.0,0.0,-0.0,0.0,2.6132999999999997,2.6132999999999997,0.0,1.0,10,0.0567,0.0567,2.6132999999999997,0.0,15.366518933245455,4.999999999999986,0.0,9.647432499999999e-05,9.647432499999999e-05
2018-04-02 19:15:00+02:00,0.0,1.0499999999999972,0.0,0.0,0.0,0.0,-0.0,0.0,2.6204,2.6204,0.0,1.0,10,0.039599999999999996,0.039599999999999996,2.6204,0.0,15.366518933245455,4.999999999999986,0.0,9.673643333333333e-05,9.673643333333333e-05
2018-04-02 19:30:00+02:00,0.0,1.0499999999999972,0.0,0.0,0.0,0.0,-0.0,0.0,2.6273999999999997,2.6273999999999997,0.0,1.0,10,0.0226,0.0226,2.6273999999999997,0.0,15.366518933245455,4.999999999999986,0.0,9.699484999999999e-05,9.699484999999999e-05
2018-04-02 19:45:00+02:00,0.0,1.0499999999999972,0.0,0.0,0.0,0.0,-0.0,0.0,2.6687000000000003,2.6687000000000003,0.0,1.0,10,0.0113,0.0113,2.6687000000000003,0.0,15.366518933245455,4.999999999999986,0.0,9.851950833333334e-05,9.851950833333334e-05
2018-04-02 20:00:00+02:00,0.0,1.0499999999999972,0.0,0.0,0.0,0.0,-0.0,0.0,2.71,2.71,0.0,1.0,10,0.0,0.0,2.71,0.0,15.366518933245455,4.999999999999986,0.0,0.00010004416666666667,0.00010004416666666667
2018-04-02 20:15:00+02:00,0.0,1.0499999999999972,0.0,0.0,0.0,0.0,-0.0,0.0,2.69,2.69,0.0,1.0,10,0.0,0.0,2.69,0.0,15.366518933245455,4.999999999999986,0.0,9.930583333333333e-05,9.930583333333333e-05
2018-04-02 20:30:00+02:00,0.0,1.0499999999999972,0.0,0.0,0.0,0.0,-0.0,0.0,2.67,2.67,0.0,1.0,10,0.0,0.0,2.67,0.0,15.366518933245455,4.999999999999986,0.0,9.856749999999999e-05,9.856749999999999e-05
2018-04-02 20:45:00+02:00,0.0,1.0499999999999972,0.0,0.0,0.0,0.0,-0.0,0.0,2.695,2.695,0.0,1.0,10,0.0,0.0,2.695,0.0,15.366518933245455,4.999999999999986,0.0,9.949041666666666e-05,9.949041666666666e-05
2018-04-02 21:00:00+02:00,0.0,1.0499999999999972,0.0,0.0,0.0,0.0,-0.0,0.0,2.72,2.72,0.0,1.0,10,0.0,0.0,2.72,0.0,15.366518933245455,4.999999999999986,0.0,0.00010041333333333334,0.00010041333333333334
2018-04-02 21:15:00+02:00,0.0,1.0499999999999972,0.0,0.0,0.0,0.0,-0.0,0.0,2.725,2.725,0.0,1.0,10,0.0,0.0,2.725,0.0,15.366518933245455,4.999999999999986,0.0,0.00010059791666666667,0.00010059791666666667
2018-04-02 21:30:00+02:00,0.0,1.0499999999999972,0.0,0.0,0.0,0.0,0.0,0.0,2.73,2.73,0.0,1.0,10,0.0,0.0,2.73,0.0,15.366518933245455,4.999999999999986,0.0,0.00010078249999999999,0.00010078249999999999
2018-04-02 21:45:00+02:00,0.0,1.0499999999999972,0.0,0.0,0.0,0.0,-0.0,0.0,2.7,2.7,0.0,1.0,10,0.0,0.0,2.7,0.0,15.366518933245455,4.999999999999986,0.0,9.9675e-05,9.9675e-05
2018-04-02 22:00:00+02:00,0.0,1.0499999999999972,0.0,0.0,0.0,0.0,-0.0,0.0,2.67,2.67,0.0,1.0,10,0.0,0.0,2.67,0.0,15.366518933245455,4.999999999999986,0.0,9.856749999999999e-05,9.856749999999999e-05
2018-04-02 22:15:00+02:00,0.0,1.0499999999999972,0.0,0.0,0.0,0.0,-0.0,0.0,2.665,2.665,0.0,1.0,10,0.0,0.0,2.665,0.0,15.366518933245455,4.999999999999986,0.0,8.172666666666668e-05,8.172666666666668e-05
2018-04-02 22:30:00+02:00,0.0,1.0499999999999972,0.0,0.0,0.0,0.0,-0.0,0.0,2.66,2.66,0.0,1.0,10,0.0,0.0,2.66,0.0,15.366518933245455,4.999999999999986,0.0,8.157333333333335e-05,8.157333333333335e-05
2018-04-02 22:45:00+02:00,0.0,1.0499999999999972,0.0,0.0,0.0,0.0,0.0,0.0,2.725,2.725,0.0,1.0,10,0.0,0.0,2.725,0.0,15.366518933245455,4.999999999999986,0.0,8.356666666666667e-05,8.356666666666667e-05
2018-04-02 23:00:00+02:00,0.0,1.0499999999999972,0.0,0.0,0.0,0.0,0.0,0.0,2.79,2.79,0.0,1.0,10,0.0,0.0,2.79,0.0,15.366518933245455,4.999999999999986,0.0,8.556e-05,8.556e-05
2018-04-02 23:15:00+02:00,0.0,1.0499999999999972,0.0,0.0,0.0,0.0,-0.0,0.0,2.73,2.73,0.0,1.0,10,0.0,0.0,2.73,0.0,15.366518933245455,4.999999999999986,0.0,8.372e-05,8.372e-05
2018-04-02 23:30:00+02:00,0.0,1.0499999999999972,0.0,0.0,0.0,0.0,-0.0,0.0,2.67,2.67,0.0,1.0,10,0.0,0.0,2.67,0.0,15.366518933245455,4.999999999999986,0.0,8.188000000000001e-05,8.188000000000001e-05
2018-04-02 23:45:00+02:00,0.0,1.0499999999999972,0.0,0.0,0.0,0.0,-0.0,0.0,2.71,2.71,0.0,1.0,10,0.0,0.0,2.71,0.0,15.366518933245455,4.999999999999986,0.0,8.310666666666667e-05,8.310666666666667e-05
2018-04-03 00:00:00+02:00,0.0,1.0499999999999972,0.0,0.0,0.0,0.0,-0.0,0.0,2.75,2.75,0.0,1.0,10,0.0,0.0,2.75,0.0,15.366518933245455,4.999999999999986,0.0,8.433333333333334e-05,8.433333333333334e-05
