time,Te,Tg,Q_sol_N1,Q_sol_E1,Q_sol_W1,Q_sol_S1,Q_int_D1,Q_int_N1,Q_sol_N2,Q_sol_E2,Q_sol_W2,Q_sol_S2,Q_int_D2,Q_int_N2,Q_sol_N3,Q_sol_E3,Q_sol_W3,Q_sol_S3,Q_int_D3,Q_int_N3,Q_sol_N4,Q_sol_E4,Q_sol_W4,Q_sol_S4,Q_int_D4,Q_int_N4,Q_sol_N5,Q_sol_E5,Q_sol_W5,Q_sol_S5,Q_int_D5,Q_int_N5,Q_sol_N6,Q_sol_E6,Q_sol_W6,Q_sol_S6,Q_int_D6,Q_int_N6,Q_sol_N7,Q_sol_E7,Q_sol_W7,Q_sol_S7,Q_int_D7,Q_int_N7,Q_sol_N8,Q_sol_E8,Q_sol_W8,Q_sol_S8,Q_int_D8,Q_int_N8,Q_sol_N9,Q_sol_E9,Q_sol_W9,Q_sol_S9,Q_int_D9,Q_int_N9,Q_sol_N10,Q_sol_E10,Q_sol_W10,Q_sol_S10,Q_int_D10,Q_int_N10
0,8,10,0,0,0,0,32.361,13.869,0,0,0,0,32.361,13.869,0,0,0,0,32.361,13.869,0,0,0,0,32.361,13.869,0,0,0,0,32.361,13.869,0,0,0,0,32.361,13.869,0,0,0,0,32.361,13.869,0,0,0,0,32.361,13.869,0,0,0,0,32.361,13.869,0,0,0,0,32.361,13.869
3600,8,10,0,0,0,0,118.09805,50.61345,0,0,0,0,118.09805,50.61345,0,0,0,0,118.09805,50.61345,0,0,0,0,118.09805,50.61345,0,0,0,0,118.09805,50.61345,0,0,0,0,118.09805,50.61345,0,0,0,0,118.09805,50.61345,0,0,0,0,118.09805,50.61345,0,0,0,0,118.09805,50.61345,0,0,0,0,118.09805,50.61345
7200,8.8,10,0,0,0,0,112.3198358,48.1370725,0,0,0,0,112.3198358,48.1370725,0,0,0,0,112.3198358,48.1370725,0,0,0,0,112.3198358,48.1370725,0,0,0,0,112.3198358,48.1370725,0,0,0,0,112.3198358,48.1370725,0,0,0,0,112.3198358,48.1370725,0,0,0,0,112.3198358,48.1370725,0,0,0,0,112.3198358,48.1370725,0,0,0,0,112.3198358,48.1370725
10800,8.5,10,0,0,0,0,58.8244125,25.2104625,0,0,0,0,58.8244125,25.2104625,0,0,0,0,58.8244125,25.2104625,0,0,0,0,58.8244125,25.2104625,0,0,0,0,58.8244125,25.2104625,0,0,0,0,58.8244125,25.2104625,0,0,0,0,58.8244125,25.2104625,0,0,0,0,58.8244125,25.2104625,0,0,0,0,58.8244125,25.2104625,0,0,0,0,58.8244125,25.2104625
14400,8.4,10,0,0,0,0,45.61666667,19.55,0,0,0,0,45.61666667,19.55,0,0,0,0,45.61666667,19.55,0,0,0,0,45.61666667,19.55,0,0,0,0,45.61666667,19.55,0,0,0,0,45.61666667,19.55,0,0,0,0,45.61666667,19.55,0,0,0,0,45.61666667,19.55,0,0,0,0,45.61666667,19.55,0,0,0,0,45.61666667,19.55
18000,8.3,10,0,0,0,0,33.38066667,14.306,0,0,0,0,33.38066667,14.306,0,0,0,0,33.38066667,14.306,0,0,0,0,33.38066667,14.306,0,0,0,0,33.38066667,14.306,0,0,0,0,33.38066667,14.306,0,0,0,0,33.38066667,14.306,0,0,0,0,33.38066667,14.306,0,0,0,0,33.38066667,14.306,0,0,0,0,33.38066667,14.306
21600,8.2,10,0,0,0,0,53.3225,22.8525,0,0,0,0,53.3225,22.8525,0,0,0,0,53.3225,22.8525,0,0,0,0,53.3225,22.8525,0,0,0,0,53.3225,22.8525,0,0,0,0,53.3225,22.8525,0,0,0,0,53.3225,22.8525,0,0,0,0,53.3225,22.8525,0,0,0,0,53.3225,22.8525,0,0,0,0,53.3225,22.8525
25200,8.1,10,0,0,0,0,106.5516667,45.665,0,0,0,0,106.5516667,45.665,0,0,0,0,106.5516667,45.665,0,0,0,0,106.5516667,45.665,0,0,0,0,106.5516667,45.665,0,0,0,0,106.5516667,45.665,0,0,0,0,106.5516667,45.665,0,0,0,0,106.5516667,45.665,0,0,0,0,106.5516667,45.665,0,0,0,0,106.5516667,45.665
28800,8,10,0,0,0,0,45.61666667,19.55,0,0,0,0,45.61666667,19.55,0,0,0,0,45.61666667,19.55,0,0,0,0,45.61666667,19.55,0,0,0,0,45.61666667,19.55,0,0,0,0,45.61666667,19.55,0,0,0,0,45.61666667,19.55,0,0,0,0,45.61666667,19.55,0,0,0,0,45.61666667,19.55,0,0,0,0,45.61666667,19.55
32400,8,10,0,0,0,0,45.61666667,19.55,0,0,0,0,45.61666667,19.55,0,0,0,0,45.61666667,19.55,0,0,0,0,45.61666667,19.55,0,0,0,0,45.61666667,19.55,0,0,0,0,45.61666667,19.55,0,0,0,0,45.61666667,19.55,0,0,0,0,45.61666667,19.55,0,0,0,0,45.61666667,19.55,0,0,0,0,45.61666667,19.55
36000,7.9,10,54,72,72,54,41.538,17.802,54,72,72,54,41.538,17.802,54,72,72,54,41.538,17.802,54,72,72,54,41.538,17.802,54,72,72,54,41.538,17.802,54,72,72,54,41.538,17.802,54,72,72,54,41.538,17.802,54,72,72,54,41.538,17.802,54,72,72,54,41.538,17.802,54,72,72,54,41.538,17.802
39600,7.9,10,135,180,180,135,32.361,13.869,135,180,180,135,32.361,13.869,135,180,180,135,32.361,13.869,135,180,180,135,32.361,13.869,135,180,180,135,32.361,13.869,135,180,180,135,32.361,13.869,135,180,180,135,32.361,13.869,135,180,180,135,32.361,13.869,135,180,180,135,32.361,13.869,135,180,180,135,32.361,13.869
43200,7.9,10,207,276,276,207,40.51833333,17.365,207,276,276,207,40.51833333,17.365,207,276,276,207,40.51833333,17.365,207,276,276,207,40.51833333,17.365,207,276,276,207,40.51833333,17.365,207,276,276,207,40.51833333,17.365,207,276,276,207,40.51833333,17.365,207,276,276,207,40.51833333,17.365,207,276,276,207,40.51833333,17.365,207,276,276,207,40.51833333,17.365
46800,7.9,10,261,348,348,261,45.61666667,19.55,261,348,348,261,45.61666667,19.55,261,348,348,261,45.61666667,19.55,261,348,348,261,45.61666667,19.55,261,348,348,261,45.61666667,19.55,261,348,348,261,45.61666667,19.55,261,348,348,261,45.61666667,19.55,261,348,348,261,45.61666667,19.55,261,348,348,261,45.61666667,19.55,261,348,348,261,45.61666667,19.55
50400,7.9,10,243,324,324,243,45.61666667,19.55,243,324,324,243,45.61666667,19.55,243,324,324,243,45.61666667,19.55,243,324,324,243,45.61666667,19.55,243,324,324,243,45.61666667,19.55,243,324,324,243,45.61666667,19.55,243,324,324,243,45.61666667,19.55,243,324,324,243,45.61666667,19.55,243,324,324,243,45.61666667,19.55,243,324,324,243,45.61666667,19.55
54000,7.9,10,180,240,240,180,45.61666667,19.55,180,240,240,180,45.61666667,19.55,180,240,240,180,45.61666667,19.55,180,240,240,180,45.61666667,19.55,180,240,240,180,45.61666667,19.55,180,240,240,180,45.61666667,19.55,180,240,240,180,45.61666667,19.55,180,240,240,180,45.61666667,19.55,180,240,240,180,45.61666667,19.55,180,240,240,180,45.61666667,19.55
57600,7.8,10,99,132,132,99,36.43966667,15.617,99,132,132,99,36.43966667,15.617,99,132,132,99,36.43966667,15.617,99,132,132,99,36.43966667,15.617,99,132,132,99,36.43966667,15.617,99,132,132,99,36.43966667,15.617,99,132,132,99,36.43966667,15.617,99,132,132,99,36.43966667,15.617,99,132,132,99,36.43966667,15.617,99,132,132,99,36.43966667,15.617
61200,7.7,10,18,24,24,18,32.361,13.869,18,24,24,18,32.361,13.869,18,24,24,18,32.361,13.869,18,24,24,18,32.361,13.869,18,24,24,18,32.361,13.869,18,24,24,18,32.361,13.869,18,24,24,18,32.361,13.869,18,24,24,18,32.361,13.869,18,24,24,18,32.361,13.869,18,24,24,18,32.361,13.869
64800,7.4,10,0,0,0,0,86.56141667,37.09775,0,0,0,0,86.56141667,37.09775,0,0,0,0,86.56141667,37.09775,0,0,0,0,86.56141667,37.09775,0,0,0,0,86.56141667,37.09775,0,0,0,0,86.56141667,37.09775,0,0,0,0,86.56141667,37.09775,0,0,0,0,86.56141667,37.09775,0,0,0,0,86.56141667,37.09775,0,0,0,0,86.56141667,37.09775
68400,7,10,0,0,0,0,77.73208333,33.31375,0,0,0,0,77.73208333,33.31375,0,0,0,0,77.73208333,33.31375,0,0,0,0,77.73208333,33.31375,0,0,0,0,77.73208333,33.31375,0,0,0,0,77.73208333,33.31375,0,0,0,0,77.73208333,33.31375,0,0,0,0,77.73208333,33.31375,0,0,0,0,77.73208333,33.31375,0,0,0,0,77.73208333,33.31375
72000,7.3,10,0,0,0,0,45.61666667,19.55,0,0,0,0,45.61666667,19.55,0,0,0,0,45.61666667,19.55,0,0,0,0,45.61666667,19.55,0,0,0,0,45.61666667,19.55,0,0,0,0,45.61666667,19.55,0,0,0,0,45.61666667,19.55,0,0,0,0,45.61666667,19.55,0,0,0,0,45.61666667,19.55,0,0,0,0,45.61666667,19.55
75600,6.9,10,0,0,0,0,44.597,19.113,0,0,0,0,44.597,19.113,0,0,0,0,44.597,19.113,0,0,0,0,44.597,19.113,0,0,0,0,44.597,19.113,0,0,0,0,44.597,19.113,0,0,0,0,44.597,19.113,0,0,0,0,44.597,19.113,0,0,0,0,44.597,19.113,0,0,0,0,44.597,19.113
79200,6.9,10,0,0,0,0,32.61766667,13.979,0,0,0,0,32.61766667,13.979,0,0,0,0,32.61766667,13.979,0,0,0,0,32.61766667,13.979,0,0,0,0,32.61766667,13.979,0,0,0,0,32.61766667,13.979,0,0,0,0,32.61766667,13.979,0,0,0,0,32.61766667,13.979,0,0,0,0,32.61766667,13.979,0,0,0,0,32.61766667,13.979
82800,6.9,10,0,0,0,0,146.3950833,62.74075,0,0,0,0,146.3950833,62.74075,0,0,0,0,146.3950833,62.74075,0,0,0,0,146.3950833,62.74075,0,0,0,0,146.3950833,62.74075,0,0,0,0,146.3950833,62.74075,0,0,0,0,146.3950833,62.74075,0,0,0,0,146.3950833,62.74075,0,0,0,0,146.3950833,62.74075,0,0,0,0,146.3950833,62.74075
86400,6.9,10,0,0,0,0,89.27566667,38.261,0,0,0,0,89.27566667,38.261,0,0,0,0,89.27566667,38.261,0,0,0,0,89.27566667,38.261,0,0,0,0,89.27566667,38.261,0,0,0,0,89.27566667,38.261,0,0,0,0,89.27566667,38.261,0,0,0,0,89.27566667,38.261,0,0,0,0,89.27566667,38.261,0,0,0,0,89.27566667,38.261
90000,6.7,10,0,0,0,0,45.61666667,19.55,0,0,0,0,45.61666667,19.55,0,0,0,0,45.61666667,19.55,0,0,0,0,45.61666667,19.55,0,0,0,0,45.61666667,19.55,0,0,0,0,45.61666667,19.55,0,0,0,0,45.61666667,19.55,0,0,0,0,45.61666667,19.55,0,0,0,0,45.61666667,19.55,0,0,0,0,45.61666667,19.55
93600,6.2,10,0,0,0,0,45.61666667,19.55,0,0,0,0,45.61666667,19.55,0,0,0,0,45.61666667,19.55,0,0,0,0,45.61666667,19.55,0,0,0,0,45.61666667,19.55,0,0,0,0,45.61666667,19.55,0,0,0,0,45.61666667,19.55,0,0,0,0,45.61666667,19.55,0,0,0,0,45.61666667,19.55,0,0,0,0,45.61666667,19.55
97200,6.1,10,0,0,0,0,39.49866667,16.928,0,0,0,0,39.49866667,16.928,0,0,0,0,39.49866667,16.928,0,0,0,0,39.49866667,16.928,0,0,0,0,39.49866667,16.928,0,0,0,0,39.49866667,16.928,0,0,0,0,39.49866667,16.928,0,0,0,0,39.49866667,16.928,0,0,0,0,39.49866667,16.928,0,0,0,0,39.49866667,16.928
100800,6,10,0,0,0,0,32.361,13.869,0,0,0,0,32.361,13.869,0,0,0,0,32.361,13.869,0,0,0,0,32.361,13.869,0,0,0,0,32.361,13.869,0,0,0,0,32.361,13.869,0,0,0,0,32.361,13.869,0,0,0,0,32.361,13.869,0,0,0,0,32.361,13.869,0,0,0,0,32.361,13.869
104400,5.9,10,0,0,0,0,42.55766667,18.239,0,0,0,0,42.55766667,18.239,0,0,0,0,42.55766667,18.239,0,0,0,0,42.55766667,18.239,0,0,0,0,42.55766667,18.239,0,0,0,0,42.55766667,18.239,0,0,0,0,42.55766667,18.239,0,0,0,0,42.55766667,18.239,0,0,0,0,42.55766667,18.239,0,0,0,0,42.55766667,18.239
108000,5.8,10,0,0,0,0,78.19,33.51,0,0,0,0,78.19,33.51,0,0,0,0,78.19,33.51,0,0,0,0,78.19,33.51,0,0,0,0,78.19,33.51,0,0,0,0,78.19,33.51,0,0,0,0,78.19,33.51,0,0,0,0,78.19,33.51,0,0,0,0,78.19,33.51,0,0,0,0,78.19,33.51
111600,5.7,10,0,0,0,0,56.71166667,24.305,0,0,0,0,56.71166667,24.305,0,0,0,0,56.71166667,24.305,0,0,0,0,56.71166667,24.305,0,0,0,0,56.71166667,24.305,0,0,0,0,56.71166667,24.305,0,0,0,0,56.71166667,24.305,0,0,0,0,56.71166667,24.305,0,0,0,0,56.71166667,24.305,0,0,0,0,56.71166667,24.305
115200,5.6,10,0,0,0,0,47.67,20.43,0,0,0,0,47.67,20.43,0,0,0,0,47.67,20.43,0,0,0,0,47.67,20.43,0,0,0,0,47.67,20.43,0,0,0,0,47.67,20.43,0,0,0,0,47.67,20.43,0,0,0,0,47.67,20.43,0,0,0,0,47.67,20.43,0,0,0,0,47.67,20.43
118800,5.6,10,0,0,0,0,34.40033333,14.743,0,0,0,0,34.40033333,14.743,0,0,0,0,34.40033333,14.743,0,0,0,0,34.40033333,14.743,0,0,0,0,34.40033333,14.743,0,0,0,0,34.40033333,14.743,0,0,0,0,34.40033333,14.743,0,0,0,0,34.40033333,14.743,0,0,0,0,34.40033333,14.743,0,0,0,0,34.40033333,14.743
122400,5.9,10,171,228,228,171,34.40033333,14.743,171,228,228,171,34.40033333,14.743,171,228,228,171,34.40033333,14.743,171,228,228,171,34.40033333,14.743,171,228,228,171,34.40033333,14.743,171,228,228,171,34.40033333,14.743,171,228,228,171,34.40033333,14.743,171,228,228,171,34.40033333,14.743,171,228,228,171,34.40033333,14.743,171,228,228,171,34.40033333,14.743
126000,6.2,10,441,588,588,441,45.61666667,19.55,441,588,588,441,45.61666667,19.55,441,588,588,441,45.61666667,19.55,441,588,588,441,45.61666667,19.55,441,588,588,441,45.61666667,19.55,441,588,588,441,45.61666667,19.55,441,588,588,441,45.61666667,19.55,441,588,588,441,45.61666667,19.55,441,588,588,441,45.61666667,19.55,441,588,588,441,45.61666667,19.55
129600,6.6,10,702,936,936,702,45.61666667,19.55,702,936,936,702,45.61666667,19.55,702,936,936,702,45.61666667,19.55,702,936,936,702,45.61666667,19.55,702,936,936,702,45.61666667,19.55,702,936,936,702,45.61666667,19.55,702,936,936,702,45.61666667,19.55,702,936,936,702,45.61666667,19.55,702,936,936,702,45.61666667,19.55,702,936,936,702,45.61666667,19.55
133200,6.9,10,720,960,960,720,45.61666667,19.55,720,960,960,720,45.61666667,19.55,720,960,960,720,45.61666667,19.55,720,960,960,720,45.61666667,19.55,720,960,960,720,45.61666667,19.55,720,960,960,720,45.61666667,19.55,720,960,960,720,45.61666667,19.55,720,960,960,720,45.61666667,19.55,720,960,960,720,45.61666667,19.55,720,960,960,720,45.61666667,19.55
136800,6.9,10,567,756,756,567,42.55766667,18.239,567,756,756,567,42.55766667,18.239,567,756,756,567,42.55766667,18.239,567,756,756,567,42.55766667,18.239,567,756,756,567,42.55766667,18.239,567,756,756,567,42.55766667,18.239,567,756,756,567,42.55766667,18.239,567,756,756,567,42.55766667,18.239,567,756,756,567,42.55766667,18.239,567,756,756,567,42.55766667,18.239
140400,6.9,10,423,564,564,423,32.361,13.869,423,564,564,423,32.361,13.869,423,564,564,423,32.361,13.869,423,564,564,423,32.361,13.869,423,564,564,423,32.361,13.869,423,564,564,423,32.361,13.869,423,564,564,423,32.361,13.869,423,564,564,423,32.361,13.869,423,564,564,423,32.361,13.869,423,564,564,423,32.361,13.869
144000,6.8,10,234,312,312,234,39.49866667,16.928,234,312,312,234,39.49866667,16.928,234,312,312,234,39.49866667,16.928,234,312,312,234,39.49866667,16.928,234,312,312,234,39.49866667,16.928,234,312,312,234,39.49866667,16.928,234,312,312,234,39.49866667,16.928,234,312,312,234,39.49866667,16.928,234,312,312,234,39.49866667,16.928,234,312,312,234,39.49866667,16.928
147600,6.5,10,18,24,24,18,90.09583333,38.6125,18,24,24,18,90.09583333,38.6125,18,24,24,18,90.09583333,38.6125,18,24,24,18,90.09583333,38.6125,18,24,24,18,90.09583333,38.6125,18,24,24,18,90.09583333,38.6125,18,24,24,18,90.09583333,38.6125,18,24,24,18,90.09583333,38.6125,18,24,24,18,90.09583333,38.6125,18,24,24,18,90.09583333,38.6125
151200,6.3,10,0,0,0,0,47.67583333,20.4325,0,0,0,0,47.67583333,20.4325,0,0,0,0,47.67583333,20.4325,0,0,0,0,47.67583333,20.4325,0,0,0,0,47.67583333,20.4325,0,0,0,0,47.67583333,20.4325,0,0,0,0,47.67583333,20.4325,0,0,0,0,47.67583333,20.4325,0,0,0,0,47.67583333,20.4325,0,0,0,0,47.67583333,20.4325
154800,6,10,0,0,0,0,113.89,48.81,0,0,0,0,113.89,48.81,0,0,0,0,113.89,48.81,0,0,0,0,113.89,48.81,0,0,0,0,113.89,48.81,0,0,0,0,113.89,48.81,0,0,0,0,113.89,48.81,0,0,0,0,113.89,48.81,0,0,0,0,113.89,48.81,0,0,0,0,113.89,48.81
158400,5.8,10,0,0,0,0,55.426,23.754,0,0,0,0,55.426,23.754,0,0,0,0,55.426,23.754,0,0,0,0,55.426,23.754,0,0,0,0,55.426,23.754,0,0,0,0,55.426,23.754,0,0,0,0,55.426,23.754,0,0,0,0,55.426,23.754,0,0,0,0,55.426,23.754,0,0,0,0,55.426,23.754
162000,5.5,10,0,0,0,0,32.361,13.869,0,0,0,0,32.361,13.869,0,0,0,0,32.361,13.869,0,0,0,0,32.361,13.869,0,0,0,0,32.361,13.869,0,0,0,0,32.361,13.869,0,0,0,0,32.361,13.869,0,0,0,0,32.361,13.869,0,0,0,0,32.361,13.869,0,0,0,0,32.361,13.869
165600,5.3,10,0,0,0,0,44.597,19.113,0,0,0,0,44.597,19.113,0,0,0,0,44.597,19.113,0,0,0,0,44.597,19.113,0,0,0,0,44.597,19.113,0,0,0,0,44.597,19.113,0,0,0,0,44.597,19.113,0,0,0,0,44.597,19.113,0,0,0,0,44.597,19.113,0,0,0,0,44.597,19.113
169200,5,10,0,0,0,0,53.1213375,22.7662875,0,0,0,0,53.1213375,22.7662875,0,0,0,0,53.1213375,22.7662875,0,0,0,0,53.1213375,22.7662875,0,0,0,0,53.1213375,22.7662875,0,0,0,0,53.1213375,22.7662875,0,0,0,0,53.1213375,22.7662875,0,0,0,0,53.1213375,22.7662875,0,0,0,0,53.1213375,22.7662875,0,0,0,0,53.1213375,22.7662875
172800,4.8,10,0,0,0,0,49.17009417,21.0728975,0,0,0,0,49.17009417,21.0728975,0,0,0,0,49.17009417,21.0728975,0,0,0,0,49.17009417,21.0728975,0,0,0,0,49.17009417,21.0728975,0,0,0,0,49.17009417,21.0728975,0,0,0,0,49.17009417,21.0728975,0,0,0,0,49.17009417,21.0728975,0,0,0,0,49.17009417,21.0728975,0,0,0,0,49.17009417,21.0728975
176400,4.6,10,0,0,0,0,45.61666667,19.55,0,0,0,0,45.61666667,19.55,0,0,0,0,45.61666667,19.55,0,0,0,0,45.61666667,19.55,0,0,0,0,45.61666667,19.55,0,0,0,0,45.61666667,19.55,0,0,0,0,45.61666667,19.55,0,0,0,0,45.61666667,19.55,0,0,0,0,45.61666667,19.55,0,0,0,0,45.61666667,19.55
180000,4.4,10,0,0,0,0,32.361,13.869,0,0,0,0,32.361,13.869,0,0,0,0,32.361,13.869,0,0,0,0,32.361,13.869,0,0,0,0,32.361,13.869,0,0,0,0,32.361,13.869,0,0,0,0,32.361,13.869,0,0,0,0,32.361,13.869,0,0,0,0,32.361,13.869,0,0,0,0,32.361,13.869
183600,4.2,10,0,0,0,0,36.43966667,15.617,0,0,0,0,36.43966667,15.617,0,0,0,0,36.43966667,15.617,0,0,0,0,36.43966667,15.617,0,0,0,0,36.43966667,15.617,0,0,0,0,36.43966667,15.617,0,0,0,0,36.43966667,15.617,0,0,0,0,36.43966667,15.617,0,0,0,0,36.43966667,15.617,0,0,0,0,36.43966667,15.617
187200,4.2,10,0,0,0,0,45.61666667,19.55,0,0,0,0,45.61666667,19.55,0,0,0,0,45.61666667,19.55,0,0,0,0,45.61666667,19.55,0,0,0,0,45.61666667,19.55,0,0,0,0,45.61666667,19.55,0,0,0,0,45.61666667,19.55,0,0,0,0,45.61666667,19.55,0,0,0,0,45.61666667,19.55,0,0,0,0,45.61666667,19.55
190800,4.1,10,0,0,0,0,45.61666667,19.55,0,0,0,0,45.61666667,19.55,0,0,0,0,45.61666667,19.55,0,0,0,0,45.61666667,19.55,0,0,0,0,45.61666667,19.55,0,0,0,0,45.61666667,19.55,0,0,0,0,45.61666667,19.55,0,0,0,0,45.61666667,19.55,0,0,0,0,45.61666667,19.55,0,0,0,0,45.61666667,19.55
194400,4,10,0,0,0,0,45.61666667,19.55,0,0,0,0,45.61666667,19.55,0,0,0,0,45.61666667,19.55,0,0,0,0,45.61666667,19.55,0,0,0,0,45.61666667,19.55,0,0,0,0,45.61666667,19.55,0,0,0,0,45.61666667,19.55,0,0,0,0,45.61666667,19.55,0,0,0,0,45.61666667,19.55,0,0,0,0,45.61666667,19.55
198000,4,10,0,0,0,0,42.315,18.135,0,0,0,0,42.315,18.135,0,0,0,0,42.315,18.135,0,0,0,0,42.315,18.135,0,0,0,0,42.315,18.135,0,0,0,0,42.315,18.135,0,0,0,0,42.315,18.135,0,0,0,0,42.315,18.135,0,0,0,0,42.315,18.135,0,0,0,0,42.315,18.135
201600,4,10,0,0,0,0,35.95433333,15.409,0,0,0,0,35.95433333,15.409,0,0,0,0,35.95433333,15.409,0,0,0,0,35.95433333,15.409,0,0,0,0,35.95433333,15.409,0,0,0,0,35.95433333,15.409,0,0,0,0,35.95433333,15.409,0,0,0,0,35.95433333,15.409,0,0,0,0,35.95433333,15.409,0,0,0,0,35.95433333,15.409
205200,4,10,0,0,0,0,41.538,17.802,0,0,0,0,41.538,17.802,0,0,0,0,41.538,17.802,0,0,0,0,41.538,17.802,0,0,0,0,41.538,17.802,0,0,0,0,41.538,17.802,0,0,0,0,41.538,17.802,0,0,0,0,41.538,17.802,0,0,0,0,41.538,17.802,0,0,0,0,41.538,17.802
208800,5.2,10,315,420,420,315,45.61666667,19.55,315,420,420,315,45.61666667,19.55,315,420,420,315,45.61666667,19.55,315,420,420,315,45.61666667,19.55,315,420,420,315,45.61666667,19.55,315,420,420,315,45.61666667,19.55,315,420,420,315,45.61666667,19.55,315,420,420,315,45.61666667,19.55,315,420,420,315,45.61666667,19.55,315,420,420,315,45.61666667,19.55
212400,6.7,10,414,552,552,414,45.61666667,19.55,414,552,552,414,45.61666667,19.55,414,552,552,414,45.61666667,19.55,414,552,552,414,45.61666667,19.55,414,552,552,414,45.61666667,19.55,414,552,552,414,45.61666667,19.55,414,552,552,414,45.61666667,19.55,414,552,552,414,45.61666667,19.55,414,552,552,414,45.61666667,19.55,414,552,552,414,45.61666667,19.55
216000,8.2,10,414,552,552,414,45.61666667,19.55,414,552,552,414,45.61666667,19.55,414,552,552,414,45.61666667,19.55,414,552,552,414,45.61666667,19.55,414,552,552,414,45.61666667,19.55,414,552,552,414,45.61666667,19.55,414,552,552,414,45.61666667,19.55,414,552,552,414,45.61666667,19.55,414,552,552,414,45.61666667,19.55,414,552,552,414,45.61666667,19.55
219600,9.5,10,450,600,600,450,35.42,15.18,450,600,600,450,35.42,15.18,450,600,600,450,35.42,15.18,450,600,600,450,35.42,15.18,450,600,600,450,35.42,15.18,450,600,600,450,35.42,15.18,450,600,600,450,35.42,15.18,450,600,600,450,35.42,15.18,450,600,600,450,35.42,15.18,450,600,600,450,35.42,15.18
223200,10.3,10,405,540,540,405,33.38066667,14.306,405,540,540,405,33.38066667,14.306,405,540,540,405,33.38066667,14.306,405,540,540,405,33.38066667,14.306,405,540,540,405,33.38066667,14.306,405,540,540,405,33.38066667,14.306,405,540,540,405,33.38066667,14.306,405,540,540,405,33.38066667,14.306,405,540,540,405,33.38066667,14.306,405,540,540,405,33.38066667,14.306
226800,10.6,10,405,540,540,405,45.61666667,19.55,405,540,540,405,45.61666667,19.55,405,540,540,405,45.61666667,19.55,405,540,540,405,45.61666667,19.55,405,540,540,405,45.61666667,19.55,405,540,540,405,45.61666667,19.55,405,540,540,405,45.61666667,19.55,405,540,540,405,45.61666667,19.55,405,540,540,405,45.61666667,19.55,405,540,540,405,45.61666667,19.55
230400,10.3,10,324,432,432,324,45.61666667,19.55,324,432,432,324,45.61666667,19.55,324,432,432,324,45.61666667,19.55,324,432,432,324,45.61666667,19.55,324,432,432,324,45.61666667,19.55,324,432,432,324,45.61666667,19.55,324,432,432,324,45.61666667,19.55,324,432,432,324,45.61666667,19.55,324,432,432,324,45.61666667,19.55,324,432,432,324,45.61666667,19.55
234000,9.2,10,72,96,96,72,45.61666667,19.55,72,96,96,72,45.61666667,19.55,72,96,96,72,45.61666667,19.55,72,96,96,72,45.61666667,19.55,72,96,96,72,45.61666667,19.55,72,96,96,72,45.61666667,19.55,72,96,96,72,45.61666667,19.55,72,96,96,72,45.61666667,19.55,72,96,96,72,45.61666667,19.55,72,96,96,72,45.61666667,19.55
237600,8.7,10,0,0,0,0,228.3662267,97.87124,0,0,0,0,228.3662267,97.87124,0,0,0,0,228.3662267,97.87124,0,0,0,0,228.3662267,97.87124,0,0,0,0,228.3662267,97.87124,0,0,0,0,228.3662267,97.87124,0,0,0,0,228.3662267,97.87124,0,0,0,0,228.3662267,97.87124,0,0,0,0,228.3662267,97.87124,0,0,0,0,228.3662267,97.87124
241200,8.2,10,0,0,0,0,158.2905275,67.8387975,0,0,0,0,158.2905275,67.8387975,0,0,0,0,158.2905275,67.8387975,0,0,0,0,158.2905275,67.8387975,0,0,0,0,158.2905275,67.8387975,0,0,0,0,158.2905275,67.8387975,0,0,0,0,158.2905275,67.8387975,0,0,0,0,158.2905275,67.8387975,0,0,0,0,158.2905275,67.8387975,0,0,0,0,158.2905275,67.8387975
244800,7.7,10,0,0,0,0,103.6486786,44.42086225,0,0,0,0,103.6486786,44.42086225,0,0,0,0,103.6486786,44.42086225,0,0,0,0,103.6486786,44.42086225,0,0,0,0,103.6486786,44.42086225,0,0,0,0,103.6486786,44.42086225,0,0,0,0,103.6486786,44.42086225,0,0,0,0,103.6486786,44.42086225,0,0,0,0,103.6486786,44.42086225,0,0,0,0,103.6486786,44.42086225
248400,7.3,10,0,0,0,0,52.72852783,22.5979405,0,0,0,0,52.72852783,22.5979405,0,0,0,0,52.72852783,22.5979405,0,0,0,0,52.72852783,22.5979405,0,0,0,0,52.72852783,22.5979405,0,0,0,0,52.72852783,22.5979405,0,0,0,0,52.72852783,22.5979405,0,0,0,0,52.72852783,22.5979405,0,0,0,0,52.72852783,22.5979405,0,0,0,0,52.72852783,22.5979405
252000,6.8,10,0,0,0,0,45.61666667,19.55,0,0,0,0,45.61666667,19.55,0,0,0,0,45.61666667,19.55,0,0,0,0,45.61666667,19.55,0,0,0,0,45.61666667,19.55,0,0,0,0,45.61666667,19.55,0,0,0,0,45.61666667,19.55,0,0,0,0,45.61666667,19.55,0,0,0,0,45.61666667,19.55,0,0,0,0,45.61666667,19.55
255600,6.3,10,0,0,0,0,45.61666667,19.55,0,0,0,0,45.61666667,19.55,0,0,0,0,45.61666667,19.55,0,0,0,0,45.61666667,19.55,0,0,0,0,45.61666667,19.55,0,0,0,0,45.61666667,19.55,0,0,0,0,45.61666667,19.55,0,0,0,0,45.61666667,19.55,0,0,0,0,45.61666667,19.55,0,0,0,0,45.61666667,19.55
259200,5.8,10,0,0,0,0,38.479,16.491,0,0,0,0,38.479,16.491,0,0,0,0,38.479,16.491,0,0,0,0,38.479,16.491,0,0,0,0,38.479,16.491,0,0,0,0,38.479,16.491,0,0,0,0,38.479,16.491,0,0,0,0,38.479,16.491,0,0,0,0,38.479,16.491,0,0,0,0,38.479,16.491
262800,5.2,10,0,0,0,0,32.361,13.869,0,0,0,0,32.361,13.869,0,0,0,0,32.361,13.869,0,0,0,0,32.361,13.869,0,0,0,0,32.361,13.869,0,0,0,0,32.361,13.869,0,0,0,0,32.361,13.869,0,0,0,0,32.361,13.869,0,0,0,0,32.361,13.869,0,0,0,0,32.361,13.869
266400,4.5,10,0,0,0,0,43.57733333,18.676,0,0,0,0,43.57733333,18.676,0,0,0,0,43.57733333,18.676,0,0,0,0,43.57733333,18.676,0,0,0,0,43.57733333,18.676,0,0,0,0,43.57733333,18.676,0,0,0,0,43.57733333,18.676,0,0,0,0,43.57733333,18.676,0,0,0,0,43.57733333,18.676,0,0,0,0,43.57733333,18.676
270000,3.8,10,0,0,0,0,45.61666667,19.55,0,0,0,0,45.61666667,19.55,0,0,0,0,45.61666667,19.55,0,0,0,0,45.61666667,19.55,0,0,0,0,45.61666667,19.55,0,0,0,0,45.61666667,19.55,0,0,0,0,45.61666667,19.55,0,0,0,0,45.61666667,19.55,0,0,0,0,45.61666667,19.55,0,0,0,0,45.61666667,19.55
273600,3.4,10,0,0,0,0,45.61666667,19.55,0,0,0,0,45.61666667,19.55,0,0,0,0,45.61666667,19.55,0,0,0,0,45.61666667,19.55,0,0,0,0,45.61666667,19.55,0,0,0,0,45.61666667,19.55,0,0,0,0,45.61666667,19.55,0,0,0,0,45.61666667,19.55,0,0,0,0,45.61666667,19.55,0,0,0,0,45.61666667,19.55
277200,3,10,0,0,0,0,45.61666667,19.55,0,0,0,0,45.61666667,19.55,0,0,0,0,45.61666667,19.55,0,0,0,0,45.61666667,19.55,0,0,0,0,45.61666667,19.55,0,0,0,0,45.61666667,19.55,0,0,0,0,45.61666667,19.55,0,0,0,0,45.61666667,19.55,0,0,0,0,45.61666667,19.55,0,0,0,0,45.61666667,19.55
280800,2.7,10,0,0,0,0,33.38066667,14.306,0,0,0,0,33.38066667,14.306,0,0,0,0,33.38066667,14.306,0,0,0,0,33.38066667,14.306,0,0,0,0,33.38066667,14.306,0,0,0,0,33.38066667,14.306,0,0,0,0,33.38066667,14.306,0,0,0,0,33.38066667,14.306,0,0,0,0,33.38066667,14.306,0,0,0,0,33.38066667,14.306
284400,2.4,10,0,0,0,0,58.52,25.08,0,0,0,0,58.52,25.08,0,0,0,0,58.52,25.08,0,0,0,0,58.52,25.08,0,0,0,0,58.52,25.08,0,0,0,0,58.52,25.08,0,0,0,0,58.52,25.08,0,0,0,0,58.52,25.08,0,0,0,0,58.52,25.08,0,0,0,0,58.52,25.08
288000,2.1,10,0,0,0,0,50.75,21.75,0,0,0,0,50.75,21.75,0,0,0,0,50.75,21.75,0,0,0,0,50.75,21.75,0,0,0,0,50.75,21.75,0,0,0,0,50.75,21.75,0,0,0,0,50.75,21.75,0,0,0,0,50.75,21.75,0,0,0,0,50.75,21.75,0,0,0,0,50.75,21.75
291600,2,10,0,0,0,0,45.61666667,19.55,0,0,0,0,45.61666667,19.55,0,0,0,0,45.61666667,19.55,0,0,0,0,45.61666667,19.55,0,0,0,0,45.61666667,19.55,0,0,0,0,45.61666667,19.55,0,0,0,0,45.61666667,19.55,0,0,0,0,45.61666667,19.55,0,0,0,0,45.61666667,19.55,0,0,0,0,45.61666667,19.55
295200,2.5,10,261,348,348,261,45.61666667,19.55,261,348,348,261,45.61666667,19.55,261,348,348,261,45.61666667,19.55,261,348,348,261,45.61666667,19.55,261,348,348,261,45.61666667,19.55,261,348,348,261,45.61666667,19.55,261,348,348,261,45.61666667,19.55,261,348,348,261,45.61666667,19.55,261,348,348,261,45.61666667,19.55,261,348,348,261,45.61666667,19.55
298800,3.1,10,675,900,900,675,41.538,17.802,675,900,900,675,41.538,17.802,675,900,900,675,41.538,17.802,675,900,900,675,41.538,17.802,675,900,900,675,41.538,17.802,675,900,900,675,41.538,17.802,675,900,900,675,41.538,17.802,675,900,900,675,41.538,17.802,675,900,900,675,41.538,17.802,675,900,900,675,41.538,17.802
302400,3.6,10,981,1308,1308,981,32.361,13.869,981,1308,1308,981,32.361,13.869,981,1308,1308,981,32.361,13.869,981,1308,1308,981,32.361,13.869,981,1308,1308,981,32.361,13.869,981,1308,1308,981,32.361,13.869,981,1308,1308,981,32.361,13.869,981,1308,1308,981,32.361,13.869,981,1308,1308,981,32.361,13.869,981,1308,1308,981,32.361,13.869
306000,3.9,10,1089,1452,1452,1089,40.51833333,17.365,1089,1452,1452,1089,40.51833333,17.365,1089,1452,1452,1089,40.51833333,17.365,1089,1452,1452,1089,40.51833333,17.365,1089,1452,1452,1089,40.51833333,17.365,1089,1452,1452,1089,40.51833333,17.365,1089,1452,1452,1089,40.51833333,17.365,1089,1452,1452,1089,40.51833333,17.365,1089,1452,1452,1089,40.51833333,17.365,1089,1452,1452,1089,40.51833333,17.365
309600,4.1,10,1071,1428,1428,1071,45.61666667,19.55,1071,1428,1428,1071,45.61666667,19.55,1071,1428,1428,1071,45.61666667,19.55,1071,1428,1428,1071,45.61666667,19.55,1071,1428,1428,1071,45.61666667,19.55,1071,1428,1428,1071,45.61666667,19.55,1071,1428,1428,1071,45.61666667,19.55,1071,1428,1428,1071,45.61666667,19.55,1071,1428,1428,1071,45.61666667,19.55,1071,1428,1428,1071,45.61666667,19.55
313200,4.1,10,900,1200,1200,900,45.61666667,19.55,900,1200,1200,900,45.61666667,19.55,900,1200,1200,900,45.61666667,19.55,900,1200,1200,900,45.61666667,19.55,900,1200,1200,900,45.61666667,19.55,900,1200,1200,900,45.61666667,19.55,900,1200,1200,900,45.61666667,19.55,900,1200,1200,900,45.61666667,19.55,900,1200,1200,900,45.61666667,19.55,900,1200,1200,900,45.61666667,19.55
316800,3.9,10,477,636,636,477,45.61666667,19.55,477,636,636,477,45.61666667,19.55,477,636,636,477,45.61666667,19.55,477,636,636,477,45.61666667,19.55,477,636,636,477,45.61666667,19.55,477,636,636,477,45.61666667,19.55,477,636,636,477,45.61666667,19.55,477,636,636,477,45.61666667,19.55,477,636,636,477,45.61666667,19.55,477,636,636,477,45.61666667,19.55
320400,3.4,10,18,24,24,18,36.43966667,15.617,18,24,24,18,36.43966667,15.617,18,24,24,18,36.43966667,15.617,18,24,24,18,36.43966667,15.617,18,24,24,18,36.43966667,15.617,18,24,24,18,36.43966667,15.617,18,24,24,18,36.43966667,15.617,18,24,24,18,36.43966667,15.617,18,24,24,18,36.43966667,15.617,18,24,24,18,36.43966667,15.617
324000,3,10,0,0,0,0,32.361,13.869,0,0,0,0,32.361,13.869,0,0,0,0,32.361,13.869,0,0,0,0,32.361,13.869,0,0,0,0,32.361,13.869,0,0,0,0,32.361,13.869,0,0,0,0,32.361,13.869,0,0,0,0,32.361,13.869,0,0,0,0,32.361,13.869,0,0,0,0,32.361,13.869
327600,2.6,10,0,0,0,0,45.61666667,19.55,0,0,0,0,45.61666667,19.55,0,0,0,0,45.61666667,19.55,0,0,0,0,45.61666667,19.55,0,0,0,0,45.61666667,19.55,0,0,0,0,45.61666667,19.55,0,0,0,0,45.61666667,19.55,0,0,0,0,45.61666667,19.55,0,0,0,0,45.61666667,19.55,0,0,0,0,45.61666667,19.55
331200,2.3,10,0,0,0,0,45.61666667,19.55,0,0,0,0,45.61666667,19.55,0,0,0,0,45.61666667,19.55,0,0,0,0,45.61666667,19.55,0,0,0,0,45.61666667,19.55,0,0,0,0,45.61666667,19.55,0,0,0,0,45.61666667,19.55,0,0,0,0,45.61666667,19.55,0,0,0,0,45.61666667,19.55,0,0,0,0,45.61666667,19.55
334800,1.9,10,0,0,0,0,101.8266667,43.64,0,0,0,0,101.8266667,43.64,0,0,0,0,101.8266667,43.64,0,0,0,0,101.8266667,43.64,0,0,0,0,101.8266667,43.64,0,0,0,0,101.8266667,43.64,0,0,0,0,101.8266667,43.64,0,0,0,0,101.8266667,43.64,0,0,0,0,101.8266667,43.64,0,0,0,0,101.8266667,43.64
338400,1.6,10,0,0,0,0,135.36075,58.01175,0,0,0,0,135.36075,58.01175,0,0,0,0,135.36075,58.01175,0,0,0,0,135.36075,58.01175,0,0,0,0,135.36075,58.01175,0,0,0,0,135.36075,58.01175,0,0,0,0,135.36075,58.01175,0,0,0,0,135.36075,58.01175,0,0,0,0,135.36075,58.01175,0,0,0,0,135.36075,58.01175
342000,1.2,10,0,0,0,0,131.0493333,56.164,0,0,0,0,131.0493333,56.164,0,0,0,0,131.0493333,56.164,0,0,0,0,131.0493333,56.164,0,0,0,0,131.0493333,56.164,0,0,0,0,131.0493333,56.164,0,0,0,0,131.0493333,56.164,0,0,0,0,131.0493333,56.164,0,0,0,0,131.0493333,56.164,0,0,0,0,131.0493333,56.164
345600,0.8,10,0,0,0,0,40.21208333,17.23375,0,0,0,0,40.21208333,17.23375,0,0,0,0,40.21208333,17.23375,0,0,0,0,40.21208333,17.23375,0,0,0,0,40.21208333,17.23375,0,0,0,0,40.21208333,17.23375,0,0,0,0,40.21208333,17.23375,0,0,0,0,40.21208333,17.23375,0,0,0,0,40.21208333,17.23375,0,0,0,0,40.21208333,17.23375
349200,0.8,10,0,0,0,0,45.61666667,19.55,0,0,0,0,45.61666667,19.55,0,0,0,0,45.61666667,19.55,0,0,0,0,45.61666667,19.55,0,0,0,0,45.61666667,19.55,0,0,0,0,45.61666667,19.55,0,0,0,0,45.61666667,19.55,0,0,0,0,45.61666667,19.55,0,0,0,0,45.61666667,19.55,0,0,0,0,45.61666667,19.55
352800,0.7,10,0,0,0,0,45.61666667,19.55,0,0,0,0,45.61666667,19.55,0,0,0,0,45.61666667,19.55,0,0,0,0,45.61666667,19.55,0,0,0,0,45.61666667,19.55,0,0,0,0,45.61666667,19.55,0,0,0,0,45.61666667,19.55,0,0,0,0,45.61666667,19.55,0,0,0,0,45.61666667,19.55,0,0,0,0,45.61666667,19.55
356400,0.6,10,0,0,0,0,45.61666667,19.55,0,0,0,0,45.61666667,19.55,0,0,0,0,45.61666667,19.55,0,0,0,0,45.61666667,19.55,0,0,0,0,45.61666667,19.55,0,0,0,0,45.61666667,19.55,0,0,0,0,45.61666667,19.55,0,0,0,0,45.61666667,19.55,0,0,0,0,45.61666667,19.55,0,0,0,0,45.61666667,19.55
360000,0.4,10,0,0,0,0,39.49866667,16.928,0,0,0,0,39.49866667,16.928,0,0,0,0,39.49866667,16.928,0,0,0,0,39.49866667,16.928,0,0,0,0,39.49866667,16.928,0,0,0,0,39.49866667,16.928,0,0,0,0,39.49866667,16.928,0,0,0,0,39.49866667,16.928,0,0,0,0,39.49866667,16.928,0,0,0,0,39.49866667,16.928
363600,0.5,10,0,0,0,0,32.361,13.869,0,0,0,0,32.361,13.869,0,0,0,0,32.361,13.869,0,0,0,0,32.361,13.869,0,0,0,0,32.361,13.869,0,0,0,0,32.361,13.869,0,0,0,0,32.361,13.869,0,0,0,0,32.361,13.869,0,0,0,0,32.361,13.869,0,0,0,0,32.361,13.869
367200,0.5,10,0,0,0,0,42.55766667,18.239,0,0,0,0,42.55766667,18.239,0,0,0,0,42.55766667,18.239,0,0,0,0,42.55766667,18.239,0,0,0,0,42.55766667,18.239,0,0,0,0,42.55766667,18.239,0,0,0,0,42.55766667,18.239,0,0,0,0,42.55766667,18.239,0,0,0,0,42.55766667,18.239,0,0,0,0,42.55766667,18.239
370800,0.5,10,0,0,0,0,45.61666667,19.55,0,0,0,0,45.61666667,19.55,0,0,0,0,45.61666667,19.55,0,0,0,0,45.61666667,19.55,0,0,0,0,45.61666667,19.55,0,0,0,0,45.61666667,19.55,0,0,0,0,45.61666667,19.55,0,0,0,0,45.61666667,19.55,0,0,0,0,45.61666667,19.55,0,0,0,0,45.61666667,19.55
374400,0.5,10,0,0,0,0,46.64333333,19.99,0,0,0,0,46.64333333,19.99,0,0,0,0,46.64333333,19.99,0,0,0,0,46.64333333,19.99,0,0,0,0,46.64333333,19.99,0,0,0,0,46.64333333,19.99,0,0,0,0,46.64333333,19.99,0,0,0,0,46.64333333,19.99,0,0,0,0,46.64333333,19.99,0,0,0,0,46.64333333,19.99
378000,0.5,10,0,0,0,0,131.13905,56.20245,0,0,0,0,131.13905,56.20245,0,0,0,0,131.13905,56.20245,0,0,0,0,131.13905,56.20245,0,0,0,0,131.13905,56.20245,0,0,0,0,131.13905,56.20245,0,0,0,0,131.13905,56.20245,0,0,0,0,131.13905,56.20245,0,0,0,0,131.13905,56.20245,0,0,0,0,131.13905,56.20245
381600,0.6,10,45,60,60,45,307.2078333,131.6605,45,60,60,45,307.2078333,131.6605,45,60,60,45,307.2078333,131.6605,45,60,60,45,307.2078333,131.6605,45,60,60,45,307.2078333,131.6605,45,60,60,45,307.2078333,131.6605,45,60,60,45,307.2078333,131.6605,45,60,60,45,307.2078333,131.6605,45,60,60,45,307.2078333,131.6605,45,60,60,45,307.2078333,131.6605
385200,0.9,10,216,288,288,216,168.22106,72.09474,216,288,288,216,168.22106,72.09474,216,288,288,216,168.22106,72.09474,216,288,288,216,168.22106,72.09474,216,288,288,216,168.22106,72.09474,216,288,288,216,168.22106,72.09474,216,288,288,216,168.22106,72.09474,216,288,288,216,168.22106,72.09474,216,288,288,216,168.22106,72.09474,216,288,288,216,168.22106,72.09474
388800,1.8,10,783,1044,1044,783,287.8092,123.3468,783,1044,1044,783,287.8092,123.3468,783,1044,1044,783,287.8092,123.3468,783,1044,1044,783,287.8092,123.3468,783,1044,1044,783,287.8092,123.3468,783,1044,1044,783,287.8092,123.3468,783,1044,1044,783,287.8092,123.3468,783,1044,1044,783,287.8092,123.3468,783,1044,1044,783,287.8092,123.3468,783,1044,1044,783,287.8092,123.3468
392400,2.4,10,936,1248,1248,936,246.1760233,105.50401,936,1248,1248,936,246.1760233,105.50401,936,1248,1248,936,246.1760233,105.50401,936,1248,1248,936,246.1760233,105.50401,936,1248,1248,936,246.1760233,105.50401,936,1248,1248,936,246.1760233,105.50401,936,1248,1248,936,246.1760233,105.50401,936,1248,1248,936,246.1760233,105.50401,936,1248,1248,936,246.1760233,105.50401,936,1248,1248,936,246.1760233,105.50401
396000,3.1,10,1035,1380,1380,1035,372.2067067,159.51716,1035,1380,1380,1035,372.2067067,159.51716,1035,1380,1380,1035,372.2067067,159.51716,1035,1380,1380,1035,372.2067067,159.51716,1035,1380,1380,1035,372.2067067,159.51716,1035,1380,1380,1035,372.2067067,159.51716,1035,1380,1380,1035,372.2067067,159.51716,1035,1380,1380,1035,372.2067067,159.51716,1035,1380,1380,1035,372.2067067,159.51716,1035,1380,1380,1035,372.2067067,159.51716
399600,3.2,10,657,876,876,657,366.7118817,157.162235,657,876,876,657,366.7118817,157.162235,657,876,876,657,366.7118817,157.162235,657,876,876,657,366.7118817,157.162235,657,876,876,657,366.7118817,157.162235,657,876,876,657,366.7118817,157.162235,657,876,876,657,366.7118817,157.162235,657,876,876,657,366.7118817,157.162235,657,876,876,657,366.7118817,157.162235,657,876,876,657,366.7118817,157.162235
403200,3.3,10,432,576,576,432,223.5838208,95.8216375,432,576,576,432,223.5838208,95.8216375,432,576,576,432,223.5838208,95.8216375,432,576,576,432,223.5838208,95.8216375,432,576,576,432,223.5838208,95.8216375,432,576,576,432,223.5838208,95.8216375,432,576,576,432,223.5838208,95.8216375,432,576,576,432,223.5838208,95.8216375,432,576,576,432,223.5838208,95.8216375,432,576,576,432,223.5838208,95.8216375
406800,2.8,10,54,72,72,54,138.6260167,59.41115,54,72,72,54,138.6260167,59.41115,54,72,72,54,138.6260167,59.41115,54,72,72,54,138.6260167,59.41115,54,72,72,54,138.6260167,59.41115,54,72,72,54,138.6260167,59.41115,54,72,72,54,138.6260167,59.41115,54,72,72,54,138.6260167,59.41115,54,72,72,54,138.6260167,59.41115,54,72,72,54,138.6260167,59.41115
410400,2.7,10,0,0,0,0,268.716805,115.164345,0,0,0,0,268.716805,115.164345,0,0,0,0,268.716805,115.164345,0,0,0,0,268.716805,115.164345,0,0,0,0,268.716805,115.164345,0,0,0,0,268.716805,115.164345,0,0,0,0,268.716805,115.164345,0,0,0,0,268.716805,115.164345,0,0,0,0,268.716805,115.164345,0,0,0,0,268.716805,115.164345
414000,2.5,10,0,0,0,0,305.9381675,131.1163575,0,0,0,0,305.9381675,131.1163575,0,0,0,0,305.9381675,131.1163575,0,0,0,0,305.9381675,131.1163575,0,0,0,0,305.9381675,131.1163575,0,0,0,0,305.9381675,131.1163575,0,0,0,0,305.9381675,131.1163575,0,0,0,0,305.9381675,131.1163575,0,0,0,0,305.9381675,131.1163575,0,0,0,0,305.9381675,131.1163575
417600,2.3,10,0,0,0,0,390.2697633,167.25847,0,0,0,0,390.2697633,167.25847,0,0,0,0,390.2697633,167.25847,0,0,0,0,390.2697633,167.25847,0,0,0,0,390.2697633,167.25847,0,0,0,0,390.2697633,167.25847,0,0,0,0,390.2697633,167.25847,0,0,0,0,390.2697633,167.25847,0,0,0,0,390.2697633,167.25847,0,0,0,0,390.2697633,167.25847
421200,2.2,10,0,0,0,0,431.1899842,184.7957075,0,0,0,0,431.1899842,184.7957075,0,0,0,0,431.1899842,184.7957075,0,0,0,0,431.1899842,184.7957075,0,0,0,0,431.1899842,184.7957075,0,0,0,0,431.1899842,184.7957075,0,0,0,0,431.1899842,184.7957075,0,0,0,0,431.1899842,184.7957075,0,0,0,0,431.1899842,184.7957075,0,0,0,0,431.1899842,184.7957075
424800,2,10,0,0,0,0,226.5479242,97.0919675,0,0,0,0,226.5479242,97.0919675,0,0,0,0,226.5479242,97.0919675,0,0,0,0,226.5479242,97.0919675,0,0,0,0,226.5479242,97.0919675,0,0,0,0,226.5479242,97.0919675,0,0,0,0,226.5479242,97.0919675,0,0,0,0,226.5479242,97.0919675,0,0,0,0,226.5479242,97.0919675,0,0,0,0,226.5479242,97.0919675
428400,1.8,10,0,0,0,0,228.1735867,97.78868,0,0,0,0,228.1735867,97.78868,0,0,0,0,228.1735867,97.78868,0,0,0,0,228.1735867,97.78868,0,0,0,0,228.1735867,97.78868,0,0,0,0,228.1735867,97.78868,0,0,0,0,228.1735867,97.78868,0,0,0,0,228.1735867,97.78868,0,0,0,0,228.1735867,97.78868,0,0,0,0,228.1735867,97.78868
432000,1.6,10,0,0,0,0,124.37642,53.30418,0,0,0,0,124.37642,53.30418,0,0,0,0,124.37642,53.30418,0,0,0,0,124.37642,53.30418,0,0,0,0,124.37642,53.30418,0,0,0,0,124.37642,53.30418,0,0,0,0,124.37642,53.30418,0,0,0,0,124.37642,53.30418,0,0,0,0,124.37642,53.30418,0,0,0,0,124.37642,53.30418
435600,1.4,10,0,0,0,0,53.87491667,23.08925,0,0,0,0,53.87491667,23.08925,0,0,0,0,53.87491667,23.08925,0,0,0,0,53.87491667,23.08925,0,0,0,0,53.87491667,23.08925,0,0,0,0,53.87491667,23.08925,0,0,0,0,53.87491667,23.08925,0,0,0,0,53.87491667,23.08925,0,0,0,0,53.87491667,23.08925,0,0,0,0,53.87491667,23.08925
439200,1.2,10,0,0,0,0,45.61666667,19.55,0,0,0,0,45.61666667,19.55,0,0,0,0,45.61666667,19.55,0,0,0,0,45.61666667,19.55,0,0,0,0,45.61666667,19.55,0,0,0,0,45.61666667,19.55,0,0,0,0,45.61666667,19.55,0,0,0,0,45.61666667,19.55,0,0,0,0,45.61666667,19.55,0,0,0,0,45.61666667,19.55
442800,0.9,10,0,0,0,0,32.361,13.869,0,0,0,0,32.361,13.869,0,0,0,0,32.361,13.869,0,0,0,0,32.361,13.869,0,0,0,0,32.361,13.869,0,0,0,0,32.361,13.869,0,0,0,0,32.361,13.869,0,0,0,0,32.361,13.869,0,0,0,0,32.361,13.869,0,0,0,0,32.361,13.869
446400,0.8,10,0,0,0,0,36.43966667,15.617,0,0,0,0,36.43966667,15.617,0,0,0,0,36.43966667,15.617,0,0,0,0,36.43966667,15.617,0,0,0,0,36.43966667,15.617,0,0,0,0,36.43966667,15.617,0,0,0,0,36.43966667,15.617,0,0,0,0,36.43966667,15.617,0,0,0,0,36.43966667,15.617,0,0,0,0,36.43966667,15.617
450000,0.6,10,0,0,0,0,45.61666667,19.55,0,0,0,0,45.61666667,19.55,0,0,0,0,45.61666667,19.55,0,0,0,0,45.61666667,19.55,0,0,0,0,45.61666667,19.55,0,0,0,0,45.61666667,19.55,0,0,0,0,45.61666667,19.55,0,0,0,0,45.61666667,19.55,0,0,0,0,45.61666667,19.55,0,0,0,0,45.61666667,19.55
453600,0.5,10,0,0,0,0,45.61666667,19.55,0,0,0,0,45.61666667,19.55,0,0,0,0,45.61666667,19.55,0,0,0,0,45.61666667,19.55,0,0,0,0,45.61666667,19.55,0,0,0,0,45.61666667,19.55,0,0,0,0,45.61666667,19.55,0,0,0,0,45.61666667,19.55,0,0,0,0,45.61666667,19.55,0,0,0,0,45.61666667,19.55
457200,0.4,10,0,0,0,0,45.61666667,19.55,0,0,0,0,45.61666667,19.55,0,0,0,0,45.61666667,19.55,0,0,0,0,45.61666667,19.55,0,0,0,0,45.61666667,19.55,0,0,0,0,45.61666667,19.55,0,0,0,0,45.61666667,19.55,0,0,0,0,45.61666667,19.55,0,0,0,0,45.61666667,19.55,0,0,0,0,45.61666667,19.55
460800,0.3,10,0,0,0,0,94.85583333,40.6525,0,0,0,0,94.85583333,40.6525,0,0,0,0,94.85583333,40.6525,0,0,0,0,94.85583333,40.6525,0,0,0,0,94.85583333,40.6525,0,0,0,0,94.85583333,40.6525,0,0,0,0,94.85583333,40.6525,0,0,0,0,94.85583333,40.6525,0,0,0,0,94.85583333,40.6525,0,0,0,0,94.85583333,40.6525
464400,0.3,10,0,0,0,0,149.1541333,63.9232,0,0,0,0,149.1541333,63.9232,0,0,0,0,149.1541333,63.9232,0,0,0,0,149.1541333,63.9232,0,0,0,0,149.1541333,63.9232,0,0,0,0,149.1541333,63.9232,0,0,0,0,149.1541333,63.9232,0,0,0,0,149.1541333,63.9232,0,0,0,0,149.1541333,63.9232,0,0,0,0,149.1541333,63.9232
468000,0.4,10,72,96,96,72,150.3063333,64.417,72,96,96,72,150.3063333,64.417,72,96,96,72,150.3063333,64.417,72,96,96,72,150.3063333,64.417,72,96,96,72,150.3063333,64.417,72,96,96,72,150.3063333,64.417,72,96,96,72,150.3063333,64.417,72,96,96,72,150.3063333,64.417,72,96,96,72,150.3063333,64.417,72,96,96,72,150.3063333,64.417
471600,0.4,10,198,264,264,198,56.62766667,24.269,198,264,264,198,56.62766667,24.269,198,264,264,198,56.62766667,24.269,198,264,264,198,56.62766667,24.269,198,264,264,198,56.62766667,24.269,198,264,264,198,56.62766667,24.269,198,264,264,198,56.62766667,24.269,198,264,264,198,56.62766667,24.269,198,264,264,198,56.62766667,24.269,198,264,264,198,56.62766667,24.269
475200,0.5,10,297,396,396,297,79.32738333,33.99745,297,396,396,297,79.32738333,33.99745,297,396,396,297,79.32738333,33.99745,297,396,396,297,79.32738333,33.99745,297,396,396,297,79.32738333,33.99745,297,396,396,297,79.32738333,33.99745,297,396,396,297,79.32738333,33.99745,297,396,396,297,79.32738333,33.99745,297,396,396,297,79.32738333,33.99745,297,396,396,297,79.32738333,33.99745
478800,0.6,10,342,456,456,342,56.39666667,24.17,342,456,456,342,56.39666667,24.17,342,456,456,342,56.39666667,24.17,342,456,456,342,56.39666667,24.17,342,456,456,342,56.39666667,24.17,342,456,456,342,56.39666667,24.17,342,456,456,342,56.39666667,24.17,342,456,456,342,56.39666667,24.17,342,456,456,342,56.39666667,24.17,342,456,456,342,56.39666667,24.17
482400,0.6,10,297,396,396,297,35.42,15.18,297,396,396,297,35.42,15.18,297,396,396,297,35.42,15.18,297,396,396,297,35.42,15.18,297,396,396,297,35.42,15.18,297,396,396,297,35.42,15.18,297,396,396,297,35.42,15.18,297,396,396,297,35.42,15.18,297,396,396,297,35.42,15.18,297,396,396,297,35.42,15.18
486000,0.6,10,252,336,336,252,33.38066667,14.306,252,336,336,252,33.38066667,14.306,252,336,336,252,33.38066667,14.306,252,336,336,252,33.38066667,14.306,252,336,336,252,33.38066667,14.306,252,336,336,252,33.38066667,14.306,252,336,336,252,33.38066667,14.306,252,336,336,252,33.38066667,14.306,252,336,336,252,33.38066667,14.306,252,336,336,252,33.38066667,14.306
489600,0.5,10,144,192,192,144,45.61666667,19.55,144,192,192,144,45.61666667,19.55,144,192,192,144,45.61666667,19.55,144,192,192,144,45.61666667,19.55,144,192,192,144,45.61666667,19.55,144,192,192,144,45.61666667,19.55,144,192,192,144,45.61666667,19.55,144,192,192,144,45.61666667,19.55,144,192,192,144,45.61666667,19.55,144,192,192,144,45.61666667,19.55
493200,0.3,10,18,24,24,18,48.43714983,20.7587785,18,24,24,18,48.43714983,20.7587785,18,24,24,18,48.43714983,20.7587785,18,24,24,18,48.43714983,20.7587785,18,24,24,18,48.43714983,20.7587785,18,24,24,18,48.43714983,20.7587785,18,24,24,18,48.43714983,20.7587785,18,24,24,18,48.43714983,20.7587785,18,24,24,18,48.43714983,20.7587785,18,24,24,18,48.43714983,20.7587785
496800,0.2,10,0,0,0,0,168.8956173,72.383836,0,0,0,0,168.8956173,72.383836,0,0,0,0,168.8956173,72.383836,0,0,0,0,168.8956173,72.383836,0,0,0,0,168.8956173,72.383836,0,0,0,0,168.8956173,72.383836,0,0,0,0,168.8956173,72.383836,0,0,0,0,168.8956173,72.383836,0,0,0,0,168.8956173,72.383836,0,0,0,0,168.8956173,72.383836
500400,-0.4,10,0,0,0,0,194.1410392,83.2033025,0,0,0,0,194.1410392,83.2033025,0,0,0,0,194.1410392,83.2033025,0,0,0,0,194.1410392,83.2033025,0,0,0,0,194.1410392,83.2033025,0,0,0,0,194.1410392,83.2033025,0,0,0,0,194.1410392,83.2033025,0,0,0,0,194.1410392,83.2033025,0,0,0,0,194.1410392,83.2033025,0,0,0,0,194.1410392,83.2033025
504000,-0.2,10,0,0,0,0,135.9987358,58.2851725,0,0,0,0,135.9987358,58.2851725,0,0,0,0,135.9987358,58.2851725,0,0,0,0,135.9987358,58.2851725,0,0,0,0,135.9987358,58.2851725,0,0,0,0,135.9987358,58.2851725,0,0,0,0,135.9987358,58.2851725,0,0,0,0,135.9987358,58.2851725,0,0,0,0,135.9987358,58.2851725,0,0,0,0,135.9987358,58.2851725
507600,-0.2,10,0,0,0,0,57.31906833,24.565315,0,0,0,0,57.31906833,24.565315,0,0,0,0,57.31906833,24.565315,0,0,0,0,57.31906833,24.565315,0,0,0,0,57.31906833,24.565315,0,0,0,0,57.31906833,24.565315,0,0,0,0,57.31906833,24.565315,0,0,0,0,57.31906833,24.565315,0,0,0,0,57.31906833,24.565315,0,0,0,0,57.31906833,24.565315
511200,-0.3,10,0,0,0,0,45.61666667,19.55,0,0,0,0,45.61666667,19.55,0,0,0,0,45.61666667,19.55,0,0,0,0,45.61666667,19.55,0,0,0,0,45.61666667,19.55,0,0,0,0,45.61666667,19.55,0,0,0,0,45.61666667,19.55,0,0,0,0,45.61666667,19.55,0,0,0,0,45.61666667,19.55,0,0,0,0,45.61666667,19.55
514800,-0.5,10,0,0,0,0,66.82375,28.63875,0,0,0,0,66.82375,28.63875,0,0,0,0,66.82375,28.63875,0,0,0,0,66.82375,28.63875,0,0,0,0,66.82375,28.63875,0,0,0,0,66.82375,28.63875,0,0,0,0,66.82375,28.63875,0,0,0,0,66.82375,28.63875,0,0,0,0,66.82375,28.63875,0,0,0,0,66.82375,28.63875
518400,-0.7,10,0,0,0,0,105.5483333,45.235,0,0,0,0,105.5483333,45.235,0,0,0,0,105.5483333,45.235,0,0,0,0,105.5483333,45.235,0,0,0,0,105.5483333,45.235,0,0,0,0,105.5483333,45.235,0,0,0,0,105.5483333,45.235,0,0,0,0,105.5483333,45.235,0,0,0,0,105.5483333,45.235,0,0,0,0,105.5483333,45.235
522000,-0.8,10,0,0,0,0,39.39658333,16.88425,0,0,0,0,39.39658333,16.88425,0,0,0,0,39.39658333,16.88425,0,0,0,0,39.39658333,16.88425,0,0,0,0,39.39658333,16.88425,0,0,0,0,39.39658333,16.88425,0,0,0,0,39.39658333,16.88425,0,0,0,0,39.39658333,16.88425,0,0,0,0,39.39658333,16.88425,0,0,0,0,39.39658333,16.88425
525600,-0.9,10,0,0,0,0,32.361,13.869,0,0,0,0,32.361,13.869,0,0,0,0,32.361,13.869,0,0,0,0,32.361,13.869,0,0,0,0,32.361,13.869,0,0,0,0,32.361,13.869,0,0,0,0,32.361,13.869,0,0,0,0,32.361,13.869,0,0,0,0,32.361,13.869,0,0,0,0,32.361,13.869
529200,-1,10,0,0,0,0,43.57733333,18.676,0,0,0,0,43.57733333,18.676,0,0,0,0,43.57733333,18.676,0,0,0,0,43.57733333,18.676,0,0,0,0,43.57733333,18.676,0,0,0,0,43.57733333,18.676,0,0,0,0,43.57733333,18.676,0,0,0,0,43.57733333,18.676,0,0,0,0,43.57733333,18.676,0,0,0,0,43.57733333,18.676
532800,-1,10,0,0,0,0,45.61666667,19.55,0,0,0,0,45.61666667,19.55,0,0,0,0,45.61666667,19.55,0,0,0,0,45.61666667,19.55,0,0,0,0,45.61666667,19.55,0,0,0,0,45.61666667,19.55,0,0,0,0,45.61666667,19.55,0,0,0,0,45.61666667,19.55,0,0,0,0,45.61666667,19.55,0,0,0,0,45.61666667,19.55
536400,-1.1,10,0,0,0,0,45.61666667,19.55,0,0,0,0,45.61666667,19.55,0,0,0,0,45.61666667,19.55,0,0,0,0,45.61666667,19.55,0,0,0,0,45.61666667,19.55,0,0,0,0,45.61666667,19.55,0,0,0,0,45.61666667,19.55,0,0,0,0,45.61666667,19.55,0,0,0,0,45.61666667,19.55,0,0,0,0,45.61666667,19.55
540000,-1.1,10,0,0,0,0,45.61666667,19.55,0,0,0,0,45.61666667,19.55,0,0,0,0,45.61666667,19.55,0,0,0,0,45.61666667,19.55,0,0,0,0,45.61666667,19.55,0,0,0,0,45.61666667,19.55,0,0,0,0,45.61666667,19.55,0,0,0,0,45.61666667,19.55,0,0,0,0,45.61666667,19.55,0,0,0,0,45.61666667,19.55
543600,-1.1,10,0,0,0,0,33.38066667,14.306,0,0,0,0,33.38066667,14.306,0,0,0,0,33.38066667,14.306,0,0,0,0,33.38066667,14.306,0,0,0,0,33.38066667,14.306,0,0,0,0,33.38066667,14.306,0,0,0,0,33.38066667,14.306,0,0,0,0,33.38066667,14.306,0,0,0,0,33.38066667,14.306,0,0,0,0,33.38066667,14.306
547200,-1.2,10,0,0,0,0,35.42,15.18,0,0,0,0,35.42,15.18,0,0,0,0,35.42,15.18,0,0,0,0,35.42,15.18,0,0,0,0,35.42,15.18,0,0,0,0,35.42,15.18,0,0,0,0,35.42,15.18,0,0,0,0,35.42,15.18,0,0,0,0,35.42,15.18,0,0,0,0,35.42,15.18
550800,-1.1,10,0,0,0,0,45.61666667,19.55,0,0,0,0,45.61666667,19.55,0,0,0,0,45.61666667,19.55,0,0,0,0,45.61666667,19.55,0,0,0,0,45.61666667,19.55,0,0,0,0,45.61666667,19.55,0,0,0,0,45.61666667,19.55,0,0,0,0,45.61666667,19.55,0,0,0,0,45.61666667,19.55,0,0,0,0,45.61666667,19.55
554400,-0.3,10,261,348,348,261,45.61666667,19.55,261,348,348,261,45.61666667,19.55,261,348,348,261,45.61666667,19.55,261,348,348,261,45.61666667,19.55,261,348,348,261,45.61666667,19.55,261,348,348,261,45.61666667,19.55,261,348,348,261,45.61666667,19.55,261,348,348,261,45.61666667,19.55,261,348,348,261,45.61666667,19.55,261,348,348,261,45.61666667,19.55
558000,0.8,10,693,924,924,693,45.61666667,19.55,693,924,924,693,45.61666667,19.55,693,924,924,693,45.61666667,19.55,693,924,924,693,45.61666667,19.55,693,924,924,693,45.61666667,19.55,693,924,924,693,45.61666667,19.55,693,924,924,693,45.61666667,19.55,693,924,924,693,45.61666667,19.55,693,924,924,693,45.61666667,19.55,693,924,924,693,45.61666667,19.55
561600,1.9,10,828,1104,1104,828,41.538,17.802,828,1104,1104,828,41.538,17.802,828,1104,1104,828,41.538,17.802,828,1104,1104,828,41.538,17.802,828,1104,1104,828,41.538,17.802,828,1104,1104,828,41.538,17.802,828,1104,1104,828,41.538,17.802,828,1104,1104,828,41.538,17.802,828,1104,1104,828,41.538,17.802,828,1104,1104,828,41.538,17.802
565200,2.8,10,1233,1644,1644,1233,32.361,13.869,1233,1644,1644,1233,32.361,13.869,1233,1644,1644,1233,32.361,13.869,1233,1644,1644,1233,32.361,13.869,1233,1644,1644,1233,32.361,13.869,1233,1644,1644,1233,32.361,13.869,1233,1644,1644,1233,32.361,13.869,1233,1644,1644,1233,32.361,13.869,1233,1644,1644,1233,32.361,13.869,1233,1644,1644,1233,32.361,13.869
568800,3.3,10,1134,1512,1512,1134,40.51833333,17.365,1134,1512,1512,1134,40.51833333,17.365,1134,1512,1512,1134,40.51833333,17.365,1134,1512,1512,1134,40.51833333,17.365,1134,1512,1512,1134,40.51833333,17.365,1134,1512,1512,1134,40.51833333,17.365,1134,1512,1512,1134,40.51833333,17.365,1134,1512,1512,1134,40.51833333,17.365,1134,1512,1512,1134,40.51833333,17.365,1134,1512,1512,1134,40.51833333,17.365
572400,3.4,10,891,1188,1188,891,56.65333333,24.28,891,1188,1188,891,56.65333333,24.28,891,1188,1188,891,56.65333333,24.28,891,1188,1188,891,56.65333333,24.28,891,1188,1188,891,56.65333333,24.28,891,1188,1188,891,56.65333333,24.28,891,1188,1188,891,56.65333333,24.28,891,1188,1188,891,56.65333333,24.28,891,1188,1188,891,56.65333333,24.28,891,1188,1188,891,56.65333333,24.28
576000,3,10,495,660,660,495,45.61666667,19.55,495,660,660,495,45.61666667,19.55,495,660,660,495,45.61666667,19.55,495,660,660,495,45.61666667,19.55,495,660,660,495,45.61666667,19.55,495,660,660,495,45.61666667,19.55,495,660,660,495,45.61666667,19.55,495,660,660,495,45.61666667,19.55,495,660,660,495,45.61666667,19.55,495,660,660,495,45.61666667,19.55
579600,2.2,10,18,24,24,18,45.61666667,19.55,18,24,24,18,45.61666667,19.55,18,24,24,18,45.61666667,19.55,18,24,24,18,45.61666667,19.55,18,24,24,18,45.61666667,19.55,18,24,24,18,45.61666667,19.55,18,24,24,18,45.61666667,19.55,18,24,24,18,45.61666667,19.55,18,24,24,18,45.61666667,19.55,18,24,24,18,45.61666667,19.55
583200,2.1,10,0,0,0,0,36.43966667,15.617,0,0,0,0,36.43966667,15.617,0,0,0,0,36.43966667,15.617,0,0,0,0,36.43966667,15.617,0,0,0,0,36.43966667,15.617,0,0,0,0,36.43966667,15.617,0,0,0,0,36.43966667,15.617,0,0,0,0,36.43966667,15.617,0,0,0,0,36.43966667,15.617,0,0,0,0,36.43966667,15.617
586800,1.9,10,0,0,0,0,32.361,13.869,0,0,0,0,32.361,13.869,0,0,0,0,32.361,13.869,0,0,0,0,32.361,13.869,0,0,0,0,32.361,13.869,0,0,0,0,32.361,13.869,0,0,0,0,32.361,13.869,0,0,0,0,32.361,13.869,0,0,0,0,32.361,13.869,0,0,0,0,32.361,13.869
590400,1.7,10,0,0,0,0,76.16,32.64,0,0,0,0,76.16,32.64,0,0,0,0,76.16,32.64,0,0,0,0,76.16,32.64,0,0,0,0,76.16,32.64,0,0,0,0,76.16,32.64,0,0,0,0,76.16,32.64,0,0,0,0,76.16,32.64,0,0,0,0,76.16,32.64,0,0,0,0,76.16,32.64
594000,1.5,10,0,0,0,0,151.4470708,64.9058875,0,0,0,0,151.4470708,64.9058875,0,0,0,0,151.4470708,64.9058875,0,0,0,0,151.4470708,64.9058875,0,0,0,0,151.4470708,64.9058875,0,0,0,0,151.4470708,64.9058875,0,0,0,0,151.4470708,64.9058875,0,0,0,0,151.4470708,64.9058875,0,0,0,0,151.4470708,64.9058875,0,0,0,0,151.4470708,64.9058875
597600,1.4,10,0,0,0,0,87.12234125,37.33814625,0,0,0,0,87.12234125,37.33814625,0,0,0,0,87.12234125,37.33814625,0,0,0,0,87.12234125,37.33814625,0,0,0,0,87.12234125,37.33814625,0,0,0,0,87.12234125,37.33814625,0,0,0,0,87.12234125,37.33814625,0,0,0,0,87.12234125,37.33814625,0,0,0,0,87.12234125,37.33814625,0,0,0,0,87.12234125,37.33814625
601200,1.2,10,0,0,0,0,47.38897917,20.3095625,0,0,0,0,47.38897917,20.3095625,0,0,0,0,47.38897917,20.3095625,0,0,0,0,47.38897917,20.3095625,0,0,0,0,47.38897917,20.3095625,0,0,0,0,47.38897917,20.3095625,0,0,0,0,47.38897917,20.3095625,0,0,0,0,47.38897917,20.3095625,0,0,0,0,47.38897917,20.3095625,0,0,0,0,47.38897917,20.3095625
604800,1,10,0,0,0,0,32.361,13.869,0,0,0,0,32.361,13.869,0,0,0,0,32.361,13.869,0,0,0,0,32.361,13.869,0,0,0,0,32.361,13.869,0,0,0,0,32.361,13.869,0,0,0,0,32.361,13.869,0,0,0,0,32.361,13.869,0,0,0,0,32.361,13.869,0,0,0,0,32.361,13.869
608400,0.8,10,0,0,0,0,84.364,36.156,0,0,0,0,84.364,36.156,0,0,0,0,84.364,36.156,0,0,0,0,84.364,36.156,0,0,0,0,84.364,36.156,0,0,0,0,84.364,36.156,0,0,0,0,84.364,36.156,0,0,0,0,84.364,36.156,0,0,0,0,84.364,36.156,0,0,0,0,84.364,36.156
