time,TsetD1,TsetN1,TsetD2,TsetN2,TsetD3,TsetN3,TsetD4,TsetN4,TsetD5,TsetN5,TsetD6,TsetN6,TsetD7,TsetN7,TsetD8,TsetN8,TsetD9,TsetN9,TsetD10,TsetN10,Coef_D,Coef_N
0,16,15,16,15,16,15,16,15,16,15,16,15,16,15,16,15,16,15,16,15,0.001,1
900,16,15,16,15,16,15,16,15,16,15,16,15,16,15,16,15,16,15,16,15,0.001,1
1800,16,15,16,15,16,15,16,15,16,15,16,15,16,15,16,15,16,15,16,15,0.001,1
2700,16,15,16,15,16,15,16,15,16,15,16,15,16,15,16,15,16,15,16,15,0.001,1
3600,16,15,16,15,16,15,16,15,16,15,16,15,16,15,16,15,16,15,16,15,0.001,1
4500,16,15,16,15,16,15,16,15,16,15,16,15,16,15,16,15,16,15,16,15,0.001,1
5400,16,15,16,15,16,15,16,15,16,15,16,15,16,15,16,15,16,15,16,15,0.001,1
6300,16,15,16,15,16,15,16,15,16,15,16,15,16,15,16,15,16,15,16,15,0.001,1
7200,16,15,16,15,16,15,16,15,16,15,16,15,16,15,16,15,16,15,16,15,0.001,1
8100,16,15,16,15,16,15,16,15,16,15,16,15,16,15,16,15,16,15,16,15,0.001,1
9000,16,15,16,15,16,15,16,15,16,15,16,15,16,15,16,15,16,15,16,15,0.001,1
9900,16,15,16,15,16,15,16,15,16,15,16,15,16,15,16,15,16,15,16,15,0.001,1
10800,16,15,16,15,16,15,16,15,16,15,16,15,16,15,16,15,16,15,16,15,0.001,1
11700,16,15,16,15,16,15,16,15,16,15,16,15,16,15,16,15,16,15,16,15,0.001,1
12600,16,15,16,15,16,15,16,15,16,15,16,15,16,15,16,15,16,15,16,15,0.001,1
13500,16,15,16,15,16,15,16,15,16,15,16,15,16,15,16,15,16,15,16,15,0.001,1
14400,16,15,16,15,16,15,16,15,16,15,16,15,16,15,16,15,16,15,16,15,0.001,1
15300,16,15,16,15,16,15,16,15,16,15,16,15,16,15,16,15,16,15,16,15,0.001,1
16200,16,15,16,15,16,15,16,15,16,15,16,15,16,15,16,15,16,15,16,15,0.001,1
17100,16,15,16,15,16,15,16,15,16,15,16,15,16,15,16,15,16,15,16,15,0.001,1
18000,16,15,16,15,16,15,16,15,16,15,16,15,16,15,16,15,16,15,16,15,0.001,1
18900,16,15,16,15,16,15,16,15,16,15,16,15,16,15,16,15,16,15,16,15,0.001,1
19800,16,15,16,15,16,15,16,15,16,15,16,15,16,15,16,15,16,15,16,15,0.001,1
20700,16,15,16,15,16,15,16,15,16,15,16,15,16,15,16,15,16,15,16,15,0.001,1
21600,20,15,20,15,20,15,20,15,20,15,20,15,20,15,20,15,20,15,20,15,1,0.001
22500,20,15,20,15,20,15,20,15,20,15,20,15,20,15,20,15,20,15,20,15,1,0.001
23400,20,15,20,15,20,15,20,15,20,15,20,15,20,15,20,15,20,15,20,15,1,0.001
24300,20,15,20,15,20,15,20,15,20,15,20,15,20,15,20,15,20,15,20,15,1,0.001
25200,20,15,20,15,20,15,20,15,20,15,20,15,20,15,20,15,20,15,20,15,1,0.001
26100,20,15,20,15,20,15,20,15,20,15,20,15,20,15,20,15,20,15,20,15,1,0.001
27000,20,15,20,15,20,15,20,15,20,15,20,15,20,15,20,15,20,15,20,15,1,0.001
27900,20,15,20,15,20,15,20,15,20,15,20,15,20,15,20,15,20,15,20,15,1,0.001
28800,20,15,20,15,20,15,20,15,20,15,20,15,20,15,20,15,20,15,20,15,1,0.001
29700,20,15,20,15,20,15,20,15,20,15,20,15,20,15,20,15,20,15,20,15,1,0.001
30600,20,15,20,15,20,15,20,15,20,15,20,15,20,15,20,15,20,15,20,15,1,0.001
31500,20,15,20,15,20,15,20,15,20,15,20,15,20,15,20,15,20,15,20,15,1,0.001
32400,20,15,20,15,20,15,20,15,20,15,20,15,20,15,20,15,20,15,20,15,1,0.001
33300,20,15,20,15,20,15,20,15,20,15,20,15,20,15,20,15,20,15,20,15,1,0.001
34200,20,15,20,15,20,15,20,15,20,15,20,15,20,15,20,15,20,15,20,15,1,0.001
35100,20,15,20,15,20,15,20,15,20,15,20,15,20,15,20,15,20,15,20,15,1,0.001
36000,20,15,20,15,20,15,20,15,20,15,20,15,20,15,20,15,20,15,20,15,1,0.001
36900,20,15,20,15,20,15,20,15,20,15,20,15,20,15,20,15,20,15,20,15,1,0.001
37800,20,15,20,15,20,15,20,15,20,15,20,15,20,15,20,15,20,15,20,15,1,0.001
38700,20,15,20,15,20,15,20,15,20,15,20,15,20,15,20,15,20,15,20,15,1,0.001
39600,20,15,20,15,20,15,20,15,20,15,20,15,20,15,20,15,20,15,20,15,1,0.001
40500,20,15,20,15,20,15,20,15,20,15,20,15,20,15,20,15,20,15,20,15,1,0.001
41400,20,15,20,15,20,15,20,15,20,15,20,15,20,15,20,15,20,15,20,15,1,0.001
42300,20,15,20,15,20,15,20,15,20,15,20,15,20,15,20,15,20,15,20,15,1,0.001
43200,20,15,20,15,20,15,20,15,20,15,20,15,20,15,20,15,20,15,20,15,1,0.001
44100,20,15,20,15,20,15,20,15,20,15,20,15,20,15,20,15,20,15,20,15,1,0.001
45000,20,15,20,15,20,15,20,15,20,15,20,15,20,15,20,15,20,15,20,15,1,0.001
45900,20,15,20,15,20,15,20,15,20,15,20,15,20,15,20,15,20,15,20,15,1,0.001
46800,20,15,20,15,20,15,20,15,20,15,20,15,20,15,20,15,20,15,20,15,1,0.001
47700,20,15,20,15,20,15,20,15,20,15,20,15,20,15,20,15,20,15,20,15,1,0.001
48600,20,15,20,15,20,15,20,15,20,15,20,15,20,15,20,15,20,15,20,15,1,0.001
49500,20,15,20,15,20,15,20,15,20,15,20,15,20,15,20,15,20,15,20,15,1,0.001
50400,20,15,20,15,20,15,20,15,20,15,20,15,20,15,20,15,20,15,20,15,1,0.001
51300,20,15,20,15,20,15,20,15,20,15,20,15,20,15,20,15,20,15,20,15,1,0.001
52200,20,15,20,15,20,15,20,15,20,15,20,15,20,15,20,15,20,15,20,15,1,0.001
53100,20,15,20,15,20,15,20,15,20,15,20,15,20,15,20,15,20,15,20,15,1,0.001
54000,20,15,20,15,20,15,20,15,20,15,20,15,20,15,20,15,20,15,20,15,1,0.001
54900,20,15,20,15,20,15,20,15,20,15,20,15,20,15,20,15,20,15,20,15,1,0.001
55800,20,15,20,15,20,15,20,15,20,15,20,15,20,15,20,15,20,15,20,15,1,0.001
56700,20,15,20,15,20,15,20,15,20,15,20,15,20,15,20,15,20,15,20,15,1,0.001
57600,20,15,20,15,20,15,20,15,20,15,20,15,20,15,20,15,20,15,20,15,1,0.001
58500,20,15,20,15,20,15,20,15,20,15,20,15,20,15,20,15,20,15,20,15,1,0.001
59400,20,15,20,15,20,15,20,15,20,15,20,15,20,15,20,15,20,15,20,15,1,0.001
60300,20,15,20,15,20,15,20,15,20,15,20,15,20,15,20,15,20,15,20,15,1,0.001
61200,20,15,20,15,20,15,20,15,20,15,20,15,20,15,20,15,20,15,20,15,1,0.001
62100,20,15,20,15,20,15,20,15,20,15,20,15,20,15,20,15,20,15,20,15,1,0.001
63000,20,15,20,15,20,15,20,15,20,15,20,15,20,15,20,15,20,15,20,15,1,0.001
63900,20,15,20,15,20,15,20,15,20,15,20,15,20,15,20,15,20,15,20,15,1,0.001
64800,20,15,20,15,20,15,20,15,20,15,20,15,20,15,20,15,20,15,20,15,1,0.001
65700,20,15,20,15,20,15,20,15,20,15,20,15,20,15,20,15,20,15,20,15,1,0.001
66600,20,15,20,15,20,15,20,15,20,15,20,15,20,15,20,15,20,15,20,15,1,0.001
67500,20,15,20,15,20,15,20,15,20,15,20,15,20,15,20,15,20,15,20,15,1,0.001
68400,20,15,20,15,20,15,20,15,20,15,20,15,20,15,20,15,20,15,20,15,1,0.001
69300,20,15,20,15,20,15,20,15,20,15,20,15,20,15,20,15,20,15,20,15,1,0.001
70200,20,15,20,15,20,15,20,15,20,15,20,15,20,15,20,15,20,15,20,15,1,0.001
71100,20,15,20,15,20,15,20,15,20,15,20,15,20,15,20,15,20,15,20,15,1,0.001
72000,20,15,20,15,20,15,20,15,20,15,20,15,20,15,20,15,20,15,20,15,1,0.001
72900,20,15,20,15,20,15,20,15,20,15,20,15,20,15,20,15,20,15,20,15,1,0.001
73800,20,15,20,15,20,15,20,15,20,15,20,15,20,15,20,15,20,15,20,15,1,0.001
74700,20,15,20,15,20,15,20,15,20,15,20,15,20,15,20,15,20,15,20,15,1,0.001
75600,20,15,20,15,20,15,20,15,20,15,20,15,20,15,20,15,20,15,20,15,1,0.001
76500,20,15,20,15,20,15,20,15,20,15,20,15,20,15,20,15,20,15,20,15,1,0.001
77400,20,15,20,15,20,15,20,15,20,15,20,15,20,15,20,15,20,15,20,15,1,0.001
78300,20,15,20,15,20,15,20,15,20,15,20,15,20,15,20,15,20,15,20,15,1,0.001
79200,20,15,20,15,20,15,20,15,20,15,20,15,20,15,20,15,20,15,20,15,1,0.001
80100,20,15,20,15,20,15,20,15,20,15,20,15,20,15,20,15,20,15,20,15,1,0.001
81000,20,15,20,15,20,15,20,15,20,15,20,15,20,15,20,15,20,15,20,15,1,0.001
81900,20,15,20,15,20,15,20,15,20,15,20,15,20,15,20,15,20,15,20,15,1,0.001
82800,20,15,20,15,20,15,20,15,20,15,20,15,20,15,20,15,20,15,20,15,1,0.001
83700,20,15,20,15,20,15,20,15,20,15,20,15,20,15,20,15,20,15,20,15,1,0.001
84600,20,15,20,15,20,15,20,15,20,15,20,15,20,15,20,15,20,15,20,15,1,0.001
85500,20,15,20,15,20,15,20,15,20,15,20,15,20,15,20,15,20,15,20,15,1,0.001
86400,16,15,16,15,16,15,16,15,16,15,16,15,16,15,16,15,16,15,16,15,0.001,1
87300,16,15,16,15,16,15,16,15,16,15,16,15,16,15,16,15,16,15,16,15,0.001,1
88200,16,15,16,15,16,15,16,15,16,15,16,15,16,15,16,15,16,15,16,15,0.001,1
89100,16,15,16,15,16,15,16,15,16,15,16,15,16,15,16,15,16,15,16,15,0.001,1
90000,16,15,16,15,16,15,16,15,16,15,16,15,16,15,16,15,16,15,16,15,0.001,1
90900,16,15,16,15,16,15,16,15,16,15,16,15,16,15,16,15,16,15,16,15,0.001,1
91800,16,15,16,15,16,15,16,15,16,15,16,15,16,15,16,15,16,15,16,15,0.001,1
92700,16,15,16,15,16,15,16,15,16,15,16,15,16,15,16,15,16,15,16,15,0.001,1
93600,16,15,16,15,16,15,16,15,16,15,16,15,16,15,16,15,16,15,16,15,0.001,1
94500,16,15,16,15,16,15,16,15,16,15,16,15,16,15,16,15,16,15,16,15,0.001,1
95400,16,15,16,15,16,15,16,15,16,15,16,15,16,15,16,15,16,15,16,15,0.001,1
96300,16,15,16,15,16,15,16,15,16,15,16,15,16,15,16,15,16,15,16,15,0.001,1
97200,16,15,16,15,16,15,16,15,16,15,16,15,16,15,16,15,16,15,16,15,0.001,1
98100,16,15,16,15,16,15,16,15,16,15,16,15,16,15,16,15,16,15,16,15,0.001,1
99000,16,15,16,15,16,15,16,15,16,15,16,15,16,15,16,15,16,15,16,15,0.001,1
99900,16,15,16,15,16,15,16,15,16,15,16,15,16,15,16,15,16,15,16,15,0.001,1
100800,16,15,16,15,16,15,16,15,16,15,16,15,16,15,16,15,16,15,16,15,0.001,1
101700,16,15,16,15,16,15,16,15,16,15,16,15,16,15,16,15,16,15,16,15,0.001,1
102600,16,15,16,15,16,15,16,15,16,15,16,15,16,15,16,15,16,15,16,15,0.001,1
103500,16,15,16,15,16,15,16,15,16,15,16,15,16,15,16,15,16,15,16,15,0.001,1
104400,16,15,16,15,16,15,16,15,16,15,16,15,16,15,16,15,16,15,16,15,0.001,1
105300,16,15,16,15,16,15,16,15,16,15,16,15,16,15,16,15,16,15,16,15,0.001,1
106200,16,15,16,15,16,15,16,15,16,15,16,15,16,15,16,15,16,15,16,15,0.001,1
107100,16,15,16,15,16,15,16,15,16,15,16,15,16,15,16,15,16,15,16,15,0.001,1
108000,20,15,20,15,20,15,20,15,20,15,20,15,20,15,20,15,20,15,20,15,1,0.001
108900,20,15,20,15,20,15,20,15,20,15,20,15,20,15,20,15,20,15,20,15,1,0.001
109800,20,15,20,15,20,15,20,15,20,15,20,15,20,15,20,15,20,15,20,15,1,0.001
110700,20,15,20,15,20,15,20,15,20,15,20,15,20,15,20,15,20,15,20,15,1,0.001
111600,20,15,20,15,20,15,20,15,20,15,20,15,20,15,20,15,20,15,20,15,1,0.001
112500,20,15,20,15,20,15,20,15,20,15,20,15,20,15,20,15,20,15,20,15,1,0.001
113400,20,15,20,15,20,15,20,15,20,15,20,15,20,15,20,15,20,15,20,15,1,0.001
114300,20,15,20,15,20,15,20,15,20,15,20,15,20,15,20,15,20,15,20,15,1,0.001
115200,20,15,20,15,20,15,20,15,20,15,20,15,20,15,20,15,20,15,20,15,1,0.001
116100,20,15,20,15,20,15,20,15,20,15,20,15,20,15,20,15,20,15,20,15,1,0.001
117000,20,15,20,15,20,15,20,15,20,15,20,15,20,15,20,15,20,15,20,15,1,0.001
117900,20,15,20,15,20,15,20,15,20,15,20,15,20,15,20,15,20,15,20,15,1,0.001
118800,20,15,20,15,20,15,20,15,20,15,20,15,20,15,20,15,20,15,20,15,1,0.001
119700,20,15,20,15,20,15,20,15,20,15,20,15,20,15,20,15,20,15,20,15,1,0.001
120600,20,15,20,15,20,15,20,15,20,15,20,15,20,15,20,15,20,15,20,15,1,0.001
121500,20,15,20,15,20,15,20,15,20,15,20,15,20,15,20,15,20,15,20,15,1,0.001
122400,20,15,20,15,20,15,20,15,20,15,20,15,20,15,20,15,20,15,20,15,1,0.001
123300,20,15,20,15,20,15,20,15,20,15,20,15,20,15,20,15,20,15,20,15,1,0.001
124200,20,15,20,15,20,15,20,15,20,15,20,15,20,15,20,15,20,15,20,15,1,0.001
125100,20,15,20,15,20,15,20,15,20,15,20,15,20,15,20,15,20,15,20,15,1,0.001
126000,20,15,20,15,20,15,20,15,20,15,20,15,20,15,20,15,20,15,20,15,1,0.001
126900,20,15,20,15,20,15,20,15,20,15,20,15,20,15,20,15,20,15,20,15,1,0.001
127800,20,15,20,15,20,15,20,15,20,15,20,15,20,15,20,15,20,15,20,15,1,0.001
128700,20,15,20,15,20,15,20,15,20,15,20,15,20,15,20,15,20,15,20,15,1,0.001
129600,20,15,20,15,20,15,20,15,20,15,20,15,20,15,20,15,20,15,20,15,1,0.001
130500,20,15,20,15,20,15,20,15,20,15,20,15,20,15,20,15,20,15,20,15,1,0.001
131400,20,15,20,15,20,15,20,15,20,15,20,15,20,15,20,15,20,15,20,15,1,0.001
132300,20,15,20,15,20,15,20,15,20,15,20,15,20,15,20,15,20,15,20,15,1,0.001
133200,20,15,20,15,20,15,20,15,20,15,20,15,20,15,20,15,20,15,20,15,1,0.001
134100,20,15,20,15,20,15,20,15,20,15,20,15,20,15,20,15,20,15,20,15,1,0.001
135000,20,15,20,15,20,15,20,15,20,15,20,15,20,15,20,15,20,15,20,15,1,0.001
135900,20,15,20,15,20,15,20,15,20,15,20,15,20,15,20,15,20,15,20,15,1,0.001
136800,20,15,20,15,20,15,20,15,20,15,20,15,20,15,20,15,20,15,20,15,1,0.001
137700,20,15,20,15,20,15,20,15,20,15,20,15,20,15,20,15,20,15,20,15,1,0.001
138600,20,15,20,15,20,15,20,15,20,15,20,15,20,15,20,15,20,15,20,15,1,0.001
139500,20,15,20,15,20,15,20,15,20,15,20,15,20,15,20,15,20,15,20,15,1,0.001
140400,20,15,20,15,20,15,20,15,20,15,20,15,20,15,20,15,20,15,20,15,1,0.001
141300,20,15,20,15,20,15,20,15,20,15,20,15,20,15,20,15,20,15,20,15,1,0.001
142200,20,15,20,15,20,15,20,15,20,15,20,15,20,15,20,15,20,15,20,15,1,0.001
143100,20,15,20,15,20,15,20,15,20,15,20,15,20,15,20,15,20,15,20,15,1,0.001
144000,20,15,20,15,20,15,20,15,20,15,20,15,20,15,20,15,20,15,20,15,1,0.001
144900,20,15,20,15,20,15,20,15,20,15,20,15,20,15,20,15,20,15,20,15,1,0.001
145800,20,15,20,15,20,15,20,15,20,15,20,15,20,15,20,15,20,15,20,15,1,0.001
146700,20,15,20,15,20,15,20,15,20,15,20,15,20,15,20,15,20,15,20,15,1,0.001
147600,20,15,20,15,20,15,20,15,20,15,20,15,20,15,20,15,20,15,20,15,1,0.001
148500,20,15,20,15,20,15,20,15,20,15,20,15,20,15,20,15,20,15,20,15,1,0.001
149400,20,15,20,15,20,15,20,15,20,15,20,15,20,15,20,15,20,15,20,15,1,0.001
150300,20,15,20,15,20,15,20,15,20,15,20,15,20,15,20,15,20,15,20,15,1,0.001
151200,20,15,20,15,20,15,20,15,20,15,20,15,20,15,20,15,20,15,20,15,1,0.001
152100,20,15,20,15,20,15,20,15,20,15,20,15,20,15,20,15,20,15,20,15,1,0.001
153000,20,15,20,15,20,15,20,15,20,15,20,15,20,15,20,15,20,15,20,15,1,0.001
153900,20,15,20,15,20,15,20,15,20,15,20,15,20,15,20,15,20,15,20,15,1,0.001
154800,20,15,20,15,20,15,20,15,20,15,20,15,20,15,20,15,20,15,20,15,1,0.001
155700,20,15,20,15,20,15,20,15,20,15,20,15,20,15,20,15,20,15,20,15,1,0.001
156600,20,15,20,15,20,15,20,15,20,15,20,15,20,15,20,15,20,15,20,15,1,0.001
157500,20,15,20,15,20,15,20,15,20,15,20,15,20,15,20,15,20,15,20,15,1,0.001
158400,20,15,20,15,20,15,20,15,20,15,20,15,20,15,20,15,20,15,20,15,1,0.001
159300,20,15,20,15,20,15,20,15,20,15,20,15,20,15,20,15,20,15,20,15,1,0.001
160200,20,15,20,15,20,15,20,15,20,15,20,15,20,15,20,15,20,15,20,15,1,0.001
161100,20,15,20,15,20,15,20,15,20,15,20,15,20,15,20,15,20,15,20,15,1,0.001
162000,20,15,20,15,20,15,20,15,20,15,20,15,20,15,20,15,20,15,20,15,1,0.001
162900,20,15,20,15,20,15,20,15,20,15,20,15,20,15,20,15,20,15,20,15,1,0.001
163800,20,15,20,15,20,15,20,15,20,15,20,15,20,15,20,15,20,15,20,15,1,0.001
164700,20,15,20,15,20,15,20,15,20,15,20,15,20,15,20,15,20,15,20,15,1,0.001
165600,20,15,20,15,20,15,20,15,20,15,20,15,20,15,20,15,20,15,20,15,1,0.001
166500,20,15,20,15,20,15,20,15,20,15,20,15,20,15,20,15,20,15,20,15,1,0.001
167400,20,15,20,15,20,15,20,15,20,15,20,15,20,15,20,15,20,15,20,15,1,0.001
168300,20,15,20,15,20,15,20,15,20,15,20,15,20,15,20,15,20,15,20,15,1,0.001
169200,20,15,20,15,20,15,20,15,20,15,20,15,20,15,20,15,20,15,20,15,1,0.001
170100,20,15,20,15,20,15,20,15,20,15,20,15,20,15,20,15,20,15,20,15,1,0.001
171000,20,15,20,15,20,15,20,15,20,15,20,15,20,15,20,15,20,15,20,15,1,0.001
171900,20,15,20,15,20,15,20,15,20,15,20,15,20,15,20,15,20,15,20,15,1,0.001
172800,16,15,16,15,16,15,16,15,16,15,16,15,16,15,16,15,16,15,16,15,0.001,1
173700,16,15,16,15,16,15,16,15,16,15,16,15,16,15,16,15,16,15,16,15,0.001,1
174600,16,15,16,15,16,15,16,15,16,15,16,15,16,15,16,15,16,15,16,15,0.001,1
175500,16,15,16,15,16,15,16,15,16,15,16,15,16,15,16,15,16,15,16,15,0.001,1
176400,16,15,16,15,16,15,16,15,16,15,16,15,16,15,16,15,16,15,16,15,0.001,1
177300,16,15,16,15,16,15,16,15,16,15,16,15,16,15,16,15,16,15,16,15,0.001,1
178200,16,15,16,15,16,15,16,15,16,15,16,15,16,15,16,15,16,15,16,15,0.001,1
179100,16,15,16,15,16,15,16,15,16,15,16,15,16,15,16,15,16,15,16,15,0.001,1
180000,16,15,16,15,16,15,16,15,16,15,16,15,16,15,16,15,16,15,16,15,0.001,1
180900,16,15,16,15,16,15,16,15,16,15,16,15,16,15,16,15,16,15,16,15,0.001,1
181800,16,15,16,15,16,15,16,15,16,15,16,15,16,15,16,15,16,15,16,15,0.001,1
182700,16,15,16,15,16,15,16,15,16,15,16,15,16,15,16,15,16,15,16,15,0.001,1
183600,16,15,16,15,16,15,16,15,16,15,16,15,16,15,16,15,16,15,16,15,0.001,1
184500,16,15,16,15,16,15,16,15,16,15,16,15,16,15,16,15,16,15,16,15,0.001,1
185400,16,15,16,15,16,15,16,15,16,15,16,15,16,15,16,15,16,15,16,15,0.001,1
186300,16,15,16,15,16,15,16,15,16,15,16,15,16,15,16,15,16,15,16,15,0.001,1
187200,16,15,16,15,16,15,16,15,16,15,16,15,16,15,16,15,16,15,16,15,0.001,1
188100,16,15,16,15,16,15,16,15,16,15,16,15,16,15,16,15,16,15,16,15,0.001,1
189000,16,15,16,15,16,15,16,15,16,15,16,15,16,15,16,15,16,15,16,15,0.001,1
189900,16,15,16,15,16,15,16,15,16,15,16,15,16,15,16,15,16,15,16,15,0.001,1
190800,16,15,16,15,16,15,16,15,16,15,16,15,16,15,16,15,16,15,16,15,0.001,1
191700,16,15,16,15,16,15,16,15,16,15,16,15,16,15,16,15,16,15,16,15,0.001,1
192600,16,15,16,15,16,15,16,15,16,15,16,15,16,15,16,15,16,15,16,15,0.001,1
193500,16,15,16,15,16,15,16,15,16,15,16,15,16,15,16,15,16,15,16,15,0.001,1
194400,20,15,20,15,20,15,20,15,20,15,20,15,20,15,20,15,20,15,20,15,1,0.001
195300,20,15,20,15,20,15,20,15,20,15,20,15,20,15,20,15,20,15,20,15,1,0.001
196200,20,15,20,15,20,15,20,15,20,15,20,15,20,15,20,15,20,15,20,15,1,0.001
197100,20,15,20,15,20,15,20,15,20,15,20,15,20,15,20,15,20,15,20,15,1,0.001
198000,20,15,20,15,20,15,20,15,20,15,20,15,20,15,20,15,20,15,20,15,1,0.001
198900,20,15,20,15,20,15,20,15,20,15,20,15,20,15,20,15,20,15,20,15,1,0.001
199800,20,15,20,15,20,15,20,15,20,15,20,15,20,15,20,15,20,15,20,15,1,0.001
200700,20,15,20,15,20,15,20,15,20,15,20,15,20,15,20,15,20,15,20,15,1,0.001
201600,20,15,20,15,20,15,20,15,20,15,20,15,20,15,20,15,20,15,20,15,1,0.001
202500,20,15,20,15,20,15,20,15,20,15,20,15,20,15,20,15,20,15,20,15,1,0.001
203400,20,15,20,15,20,15,20,15,20,15,20,15,20,15,20,15,20,15,20,15,1,0.001
204300,20,15,20,15,20,15,20,15,20,15,20,15,20,15,20,15,20,15,20,15,1,0.001
205200,20,15,20,15,20,15,20,15,20,15,20,15,20,15,20,15,20,15,20,15,1,0.001
206100,20,15,20,15,20,15,20,15,20,15,20,15,20,15,20,15,20,15,20,15,1,0.001
207000,20,15,20,15,20,15,20,15,20,15,20,15,20,15,20,15,20,15,20,15,1,0.001
207900,20,15,20,15,20,15,20,15,20,15,20,15,20,15,20,15,20,15,20,15,1,0.001
208800,20,15,20,15,20,15,20,15,20,15,20,15,20,15,20,15,20,15,20,15,1,0.001
209700,20,15,20,15,20,15,20,15,20,15,20,15,20,15,20,15,20,15,20,15,1,0.001
210600,20,15,20,15,20,15,20,15,20,15,20,15,20,15,20,15,20,15,20,15,1,0.001
211500,20,15,20,15,20,15,20,15,20,15,20,15,20,15,20,15,20,15,20,15,1,0.001
212400,20,15,20,15,20,15,20,15,20,15,20,15,20,15,20,15,20,15,20,15,1,0.001
213300,20,15,20,15,20,15,20,15,20,15,20,15,20,15,20,15,20,15,20,15,1,0.001
214200,20,15,20,15,20,15,20,15,20,15,20,15,20,15,20,15,20,15,20,15,1,0.001
215100,20,15,20,15,20,15,20,15,20,15,20,15,20,15,20,15,20,15,20,15,1,0.001
216000,20,15,20,15,20,15,20,15,20,15,20,15,20,15,20,15,20,15,20,15,1,0.001
216900,20,15,20,15,20,15,20,15,20,15,20,15,20,15,20,15,20,15,20,15,1,0.001
217800,20,15,20,15,20,15,20,15,20,15,20,15,20,15,20,15,20,15,20,15,1,0.001
218700,20,15,20,15,20,15,20,15,20,15,20,15,20,15,20,15,20,15,20,15,1,0.001
219600,20,15,20,15,20,15,20,15,20,15,20,15,20,15,20,15,20,15,20,15,1,0.001
220500,20,15,20,15,20,15,20,15,20,15,20,15,20,15,20,15,20,15,20,15,1,0.001
221400,20,15,20,15,20,15,20,15,20,15,20,15,20,15,20,15,20,15,20,15,1,0.001
222300,20,15,20,15,20,15,20,15,20,15,20,15,20,15,20,15,20,15,20,15,1,0.001
223200,20,15,20,15,20,15,20,15,20,15,20,15,20,15,20,15,20,15,20,15,1,0.001
224100,20,15,20,15,20,15,20,15,20,15,20,15,20,15,20,15,20,15,20,15,1,0.001
225000,20,15,20,15,20,15,20,15,20,15,20,15,20,15,20,15,20,15,20,15,1,0.001
225900,20,15,20,15,20,15,20,15,20,15,20,15,20,15,20,15,20,15,20,15,1,0.001
226800,20,15,20,15,20,15,20,15,20,15,20,15,20,15,20,15,20,15,20,15,1,0.001
227700,20,15,20,15,20,15,20,15,20,15,20,15,20,15,20,15,20,15,20,15,1,0.001
228600,20,15,20,15,20,15,20,15,20,15,20,15,20,15,20,15,20,15,20,15,1,0.001
229500,20,15,20,15,20,15,20,15,20,15,20,15,20,15,20,15,20,15,20,15,1,0.001
230400,20,15,20,15,20,15,20,15,20,15,20,15,20,15,20,15,20,15,20,15,1,0.001
231300,20,15,20,15,20,15,20,15,20,15,20,15,20,15,20,15,20,15,20,15,1,0.001
232200,20,15,20,15,20,15,20,15,20,15,20,15,20,15,20,15,20,15,20,15,1,0.001
233100,20,15,20,15,20,15,20,15,20,15,20,15,20,15,20,15,20,15,20,15,1,0.001
234000,20,15,20,15,20,15,20,15,20,15,20,15,20,15,20,15,20,15,20,15,1,0.001
234900,20,15,20,15,20,15,20,15,20,15,20,15,20,15,20,15,20,15,20,15,1,0.001
235800,20,15,20,15,20,15,20,15,20,15,20,15,20,15,20,15,20,15,20,15,1,0.001
236700,20,15,20,15,20,15,20,15,20,15,20,15,20,15,20,15,20,15,20,15,1,0.001
237600,20,15,20,15,20,15,20,15,20,15,20,15,20,15,20,15,20,15,20,15,1,0.001
238500,20,15,20,15,20,15,20,15,20,15,20,15,20,15,20,15,20,15,20,15,1,0.001
239400,20,15,20,15,20,15,20,15,20,15,20,15,20,15,20,15,20,15,20,15,1,0.001
240300,20,15,20,15,20,15,20,15,20,15,20,15,20,15,20,15,20,15,20,15,1,0.001
241200,20,15,20,15,20,15,20,15,20,15,20,15,20,15,20,15,20,15,20,15,1,0.001
242100,20,15,20,15,20,15,20,15,20,15,20,15,20,15,20,15,20,15,20,15,1,0.001
243000,20,15,20,15,20,15,20,15,20,15,20,15,20,15,20,15,20,15,20,15,1,0.001
243900,20,15,20,15,20,15,20,15,20,15,20,15,20,15,20,15,20,15,20,15,1,0.001
244800,20,15,20,15,20,15,20,15,20,15,20,15,20,15,20,15,20,15,20,15,1,0.001
245700,20,15,20,15,20,15,20,15,20,15,20,15,20,15,20,15,20,15,20,15,1,0.001
246600,20,15,20,15,20,15,20,15,20,15,20,15,20,15,20,15,20,15,20,15,1,0.001
247500,20,15,20,15,20,15,20,15,20,15,20,15,20,15,20,15,20,15,20,15,1,0.001
248400,20,15,20,15,20,15,20,15,20,15,20,15,20,15,20,15,20,15,20,15,1,0.001
249300,20,15,20,15,20,15,20,15,20,15,20,15,20,15,20,15,20,15,20,15,1,0.001
250200,20,15,20,15,20,15,20,15,20,15,20,15,20,15,20,15,20,15,20,15,1,0.001
251100,20,15,20,15,20,15,20,15,20,15,20,15,20,15,20,15,20,15,20,15,1,0.001
252000,20,15,20,15,20,15,20,15,20,15,20,15,20,15,20,15,20,15,20,15,1,0.001
252900,20,15,20,15,20,15,20,15,20,15,20,15,20,15,20,15,20,15,20,15,1,0.001
253800,20,15,20,15,20,15,20,15,20,15,20,15,20,15,20,15,20,15,20,15,1,0.001
254700,20,15,20,15,20,15,20,15,20,15,20,15,20,15,20,15,20,15,20,15,1,0.001
255600,20,15,20,15,20,15,20,15,20,15,20,15,20,15,20,15,20,15,20,15,1,0.001
256500,20,15,20,15,20,15,20,15,20,15,20,15,20,15,20,15,20,15,20,15,1,0.001
257400,20,15,20,15,20,15,20,15,20,15,20,15,20,15,20,15,20,15,20,15,1,0.001
258300,20,15,20,15,20,15,20,15,20,15,20,15,20,15,20,15,20,15,20,15,1,0.001
259200,16,15,16,15,16,15,16,15,16,15,16,15,16,15,16,15,16,15,16,15,0.001,1
260100,16,15,16,15,16,15,16,15,16,15,16,15,16,15,16,15,16,15,16,15,0.001,1
261000,16,15,16,15,16,15,16,15,16,15,16,15,16,15,16,15,16,15,16,15,0.001,1
261900,16,15,16,15,16,15,16,15,16,15,16,15,16,15,16,15,16,15,16,15,0.001,1
262800,16,15,16,15,16,15,16,15,16,15,16,15,16,15,16,15,16,15,16,15,0.001,1
263700,16,15,16,15,16,15,16,15,16,15,16,15,16,15,16,15,16,15,16,15,0.001,1
264600,16,15,16,15,16,15,16,15,16,15,16,15,16,15,16,15,16,15,16,15,0.001,1
265500,16,15,16,15,16,15,16,15,16,15,16,15,16,15,16,15,16,15,16,15,0.001,1
266400,16,15,16,15,16,15,16,15,16,15,16,15,16,15,16,15,16,15,16,15,0.001,1
267300,16,15,16,15,16,15,16,15,16,15,16,15,16,15,16,15,16,15,16,15,0.001,1
268200,16,15,16,15,16,15,16,15,16,15,16,15,16,15,16,15,16,15,16,15,0.001,1
269100,16,15,16,15,16,15,16,15,16,15,16,15,16,15,16,15,16,15,16,15,0.001,1
270000,16,15,16,15,16,15,16,15,16,15,16,15,16,15,16,15,16,15,16,15,0.001,1
270900,16,15,16,15,16,15,16,15,16,15,16,15,16,15,16,15,16,15,16,15,0.001,1
271800,16,15,16,15,16,15,16,15,16,15,16,15,16,15,16,15,16,15,16,15,0.001,1
272700,16,15,16,15,16,15,16,15,16,15,16,15,16,15,16,15,16,15,16,15,0.001,1
273600,16,15,16,15,16,15,16,15,16,15,16,15,16,15,16,15,16,15,16,15,0.001,1
274500,16,15,16,15,16,15,16,15,16,15,16,15,16,15,16,15,16,15,16,15,0.001,1
275400,16,15,16,15,16,15,16,15,16,15,16,15,16,15,16,15,16,15,16,15,0.001,1
276300,16,15,16,15,16,15,16,15,16,15,16,15,16,15,16,15,16,15,16,15,0.001,1
277200,16,15,16,15,16,15,16,15,16,15,16,15,16,15,16,15,16,15,16,15,0.001,1
278100,16,15,16,15,16,15,16,15,16,15,16,15,16,15,16,15,16,15,16,15,0.001,1
279000,16,15,16,15,16,15,16,15,16,15,16,15,16,15,16,15,16,15,16,15,0.001,1
279900,16,15,16,15,16,15,16,15,16,15,16,15,16,15,16,15,16,15,16,15,0.001,1
280800,20,15,20,15,20,15,20,15,20,15,20,15,20,15,20,15,20,15,20,15,1,0.001
281700,20,15,20,15,20,15,20,15,20,15,20,15,20,15,20,15,20,15,20,15,1,0.001
282600,20,15,20,15,20,15,20,15,20,15,20,15,20,15,20,15,20,15,20,15,1,0.001
283500,20,15,20,15,20,15,20,15,20,15,20,15,20,15,20,15,20,15,20,15,1,0.001
284400,20,15,20,15,20,15,20,15,20,15,20,15,20,15,20,15,20,15,20,15,1,0.001
285300,20,15,20,15,20,15,20,15,20,15,20,15,20,15,20,15,20,15,20,15,1,0.001
286200,20,15,20,15,20,15,20,15,20,15,20,15,20,15,20,15,20,15,20,15,1,0.001
287100,20,15,20,15,20,15,20,15,20,15,20,15,20,15,20,15,20,15,20,15,1,0.001
288000,20,15,20,15,20,15,20,15,20,15,20,15,20,15,20,15,20,15,20,15,1,0.001
288900,20,15,20,15,20,15,20,15,20,15,20,15,20,15,20,15,20,15,20,15,1,0.001
289800,20,15,20,15,20,15,20,15,20,15,20,15,20,15,20,15,20,15,20,15,1,0.001
290700,20,15,20,15,20,15,20,15,20,15,20,15,20,15,20,15,20,15,20,15,1,0.001
291600,20,15,20,15,20,15,20,15,20,15,20,15,20,15,20,15,20,15,20,15,1,0.001
292500,20,15,20,15,20,15,20,15,20,15,20,15,20,15,20,15,20,15,20,15,1,0.001
293400,20,15,20,15,20,15,20,15,20,15,20,15,20,15,20,15,20,15,20,15,1,0.001
294300,20,15,20,15,20,15,20,15,20,15,20,15,20,15,20,15,20,15,20,15,1,0.001
295200,20,15,20,15,20,15,20,15,20,15,20,15,20,15,20,15,20,15,20,15,1,0.001
296100,20,15,20,15,20,15,20,15,20,15,20,15,20,15,20,15,20,15,20,15,1,0.001
297000,20,15,20,15,20,15,20,15,20,15,20,15,20,15,20,15,20,15,20,15,1,0.001
297900,20,15,20,15,20,15,20,15,20,15,20,15,20,15,20,15,20,15,20,15,1,0.001
298800,20,15,20,15,20,15,20,15,20,15,20,15,20,15,20,15,20,15,20,15,1,0.001
299700,20,15,20,15,20,15,20,15,20,15,20,15,20,15,20,15,20,15,20,15,1,0.001
300600,20,15,20,15,20,15,20,15,20,15,20,15,20,15,20,15,20,15,20,15,1,0.001
301500,20,15,20,15,20,15,20,15,20,15,20,15,20,15,20,15,20,15,20,15,1,0.001
302400,20,15,20,15,20,15,20,15,20,15,20,15,20,15,20,15,20,15,20,15,1,0.001
303300,20,15,20,15,20,15,20,15,20,15,20,15,20,15,20,15,20,15,20,15,1,0.001
304200,20,15,20,15,20,15,20,15,20,15,20,15,20,15,20,15,20,15,20,15,1,0.001
305100,20,15,20,15,20,15,20,15,20,15,20,15,20,15,20,15,20,15,20,15,1,0.001
306000,20,15,20,15,20,15,20,15,20,15,20,15,20,15,20,15,20,15,20,15,1,0.001
306900,20,15,20,15,20,15,20,15,20,15,20,15,20,15,20,15,20,15,20,15,1,0.001
307800,20,15,20,15,20,15,20,15,20,15,20,15,20,15,20,15,20,15,20,15,1,0.001
308700,20,15,20,15,20,15,20,15,20,15,20,15,20,15,20,15,20,15,20,15,1,0.001
309600,20,15,20,15,20,15,20,15,20,15,20,15,20,15,20,15,20,15,20,15,1,0.001
310500,20,15,20,15,20,15,20,15,20,15,20,15,20,15,20,15,20,15,20,15,1,0.001
311400,20,15,20,15,20,15,20,15,20,15,20,15,20,15,20,15,20,15,20,15,1,0.001
312300,20,15,20,15,20,15,20,15,20,15,20,15,20,15,20,15,20,15,20,15,1,0.001
313200,20,15,20,15,20,15,20,15,20,15,20,15,20,15,20,15,20,15,20,15,1,0.001
314100,20,15,20,15,20,15,20,15,20,15,20,15,20,15,20,15,20,15,20,15,1,0.001
315000,20,15,20,15,20,15,20,15,20,15,20,15,20,15,20,15,20,15,20,15,1,0.001
315900,20,15,20,15,20,15,20,15,20,15,20,15,20,15,20,15,20,15,20,15,1,0.001
316800,20,15,20,15,20,15,20,15,20,15,20,15,20,15,20,15,20,15,20,15,1,0.001
317700,20,15,20,15,20,15,20,15,20,15,20,15,20,15,20,15,20,15,20,15,1,0.001
318600,20,15,20,15,20,15,20,15,20,15,20,15,20,15,20,15,20,15,20,15,1,0.001
319500,20,15,20,15,20,15,20,15,20,15,20,15,20,15,20,15,20,15,20,15,1,0.001
320400,20,15,20,15,20,15,20,15,20,15,20,15,20,15,20,15,20,15,20,15,1,0.001
321300,20,15,20,15,20,15,20,15,20,15,20,15,20,15,20,15,20,15,20,15,1,0.001
322200,20,15,20,15,20,15,20,15,20,15,20,15,20,15,20,15,20,15,20,15,1,0.001
323100,20,15,20,15,20,15,20,15,20,15,20,15,20,15,20,15,20,15,20,15,1,0.001
324000,20,15,20,15,20,15,20,15,20,15,20,15,20,15,20,15,20,15,20,15,1,0.001
324900,20,15,20,15,20,15,20,15,20,15,20,15,20,15,20,15,20,15,20,15,1,0.001
325800,20,15,20,15,20,15,20,15,20,15,20,15,20,15,20,15,20,15,20,15,1,0.001
326700,20,15,20,15,20,15,20,15,20,15,20,15,20,15,20,15,20,15,20,15,1,0.001
327600,20,15,20,15,20,15,20,15,20,15,20,15,20,15,20,15,20,15,20,15,1,0.001
328500,20,15,20,15,20,15,20,15,20,15,20,15,20,15,20,15,20,15,20,15,1,0.001
329400,20,15,20,15,20,15,20,15,20,15,20,15,20,15,20,15,20,15,20,15,1,0.001
330300,20,15,20,15,20,15,20,15,20,15,20,15,20,15,20,15,20,15,20,15,1,0.001
331200,20,15,20,15,20,15,20,15,20,15,20,15,20,15,20,15,20,15,20,15,1,0.001
332100,20,15,20,15,20,15,20,15,20,15,20,15,20,15,20,15,20,15,20,15,1,0.001
333000,20,15,20,15,20,15,20,15,20,15,20,15,20,15,20,15,20,15,20,15,1,0.001
333900,20,15,20,15,20,15,20,15,20,15,20,15,20,15,20,15,20,15,20,15,1,0.001
334800,20,15,20,15,20,15,20,15,20,15,20,15,20,15,20,15,20,15,20,15,1,0.001
335700,20,15,20,15,20,15,20,15,20,15,20,15,20,15,20,15,20,15,20,15,1,0.001
336600,20,15,20,15,20,15,20,15,20,15,20,15,20,15,20,15,20,15,20,15,1,0.001
337500,20,15,20,15,20,15,20,15,20,15,20,15,20,15,20,15,20,15,20,15,1,0.001
338400,20,15,20,15,20,15,20,15,20,15,20,15,20,15,20,15,20,15,20,15,1,0.001
339300,20,15,20,15,20,15,20,15,20,15,20,15,20,15,20,15,20,15,20,15,1,0.001
340200,20,15,20,15,20,15,20,15,20,15,20,15,20,15,20,15,20,15,20,15,1,0.001
341100,20,15,20,15,20,15,20,15,20,15,20,15,20,15,20,15,20,15,20,15,1,0.001
342000,20,15,20,15,20,15,20,15,20,15,20,15,20,15,20,15,20,15,20,15,1,0.001
342900,20,15,20,15,20,15,20,15,20,15,20,15,20,15,20,15,20,15,20,15,1,0.001
343800,20,15,20,15,20,15,20,15,20,15,20,15,20,15,20,15,20,15,20,15,1,0.001
344700,20,15,20,15,20,15,20,15,20,15,20,15,20,15,20,15,20,15,20,15,1,0.001
345600,16,15,16,15,16,15,16,15,16,15,16,15,16,15,16,15,16,15,16,15,0.001,1
346500,16,15,16,15,16,15,16,15,16,15,16,15,16,15,16,15,16,15,16,15,0.001,1
347400,16,15,16,15,16,15,16,15,16,15,16,15,16,15,16,15,16,15,16,15,0.001,1
348300,16,15,16,15,16,15,16,15,16,15,16,15,16,15,16,15,16,15,16,15,0.001,1
349200,16,15,16,15,16,15,16,15,16,15,16,15,16,15,16,15,16,15,16,15,0.001,1
350100,16,15,16,15,16,15,16,15,16,15,16,15,16,15,16,15,16,15,16,15,0.001,1
351000,16,15,16,15,16,15,16,15,16,15,16,15,16,15,16,15,16,15,16,15,0.001,1
351900,16,15,16,15,16,15,16,15,16,15,16,15,16,15,16,15,16,15,16,15,0.001,1
352800,16,15,16,15,16,15,16,15,16,15,16,15,16,15,16,15,16,15,16,15,0.001,1
353700,16,15,16,15,16,15,16,15,16,15,16,15,16,15,16,15,16,15,16,15,0.001,1
354600,16,15,16,15,16,15,16,15,16,15,16,15,16,15,16,15,16,15,16,15,0.001,1
355500,16,15,16,15,16,15,16,15,16,15,16,15,16,15,16,15,16,15,16,15,0.001,1
356400,16,15,16,15,16,15,16,15,16,15,16,15,16,15,16,15,16,15,16,15,0.001,1
357300,16,15,16,15,16,15,16,15,16,15,16,15,16,15,16,15,16,15,16,15,0.001,1
358200,16,15,16,15,16,15,16,15,16,15,16,15,16,15,16,15,16,15,16,15,0.001,1
359100,16,15,16,15,16,15,16,15,16,15,16,15,16,15,16,15,16,15,16,15,0.001,1
360000,16,15,16,15,16,15,16,15,16,15,16,15,16,15,16,15,16,15,16,15,0.001,1
360900,16,15,16,15,16,15,16,15,16,15,16,15,16,15,16,15,16,15,16,15,0.001,1
361800,16,15,16,15,16,15,16,15,16,15,16,15,16,15,16,15,16,15,16,15,0.001,1
362700,16,15,16,15,16,15,16,15,16,15,16,15,16,15,16,15,16,15,16,15,0.001,1
363600,16,15,16,15,16,15,16,15,16,15,16,15,16,15,16,15,16,15,16,15,0.001,1
364500,16,15,16,15,16,15,16,15,16,15,16,15,16,15,16,15,16,15,16,15,0.001,1
365400,16,15,16,15,16,15,16,15,16,15,16,15,16,15,16,15,16,15,16,15,0.001,1
366300,16,15,16,15,16,15,16,15,16,15,16,15,16,15,16,15,16,15,16,15,0.001,1
367200,20,15,20,15,20,15,20,15,20,15,20,15,20,15,20,15,20,15,20,15,1,0.001
368100,20,15,20,15,20,15,20,15,20,15,20,15,20,15,20,15,20,15,20,15,1,0.001
369000,20,15,20,15,20,15,20,15,20,15,20,15,20,15,20,15,20,15,20,15,1,0.001
369900,20,15,20,15,20,15,20,15,20,15,20,15,20,15,20,15,20,15,20,15,1,0.001
370800,20,15,20,15,20,15,20,15,20,15,20,15,20,15,20,15,20,15,20,15,1,0.001
371700,20,15,20,15,20,15,20,15,20,15,20,15,20,15,20,15,20,15,20,15,1,0.001
372600,20,15,20,15,20,15,20,15,20,15,20,15,20,15,20,15,20,15,20,15,1,0.001
373500,20,15,20,15,20,15,20,15,20,15,20,15,20,15,20,15,20,15,20,15,1,0.001
374400,20,15,20,15,20,15,20,15,20,15,20,15,20,15,20,15,20,15,20,15,1,0.001
375300,20,15,20,15,20,15,20,15,20,15,20,15,20,15,20,15,20,15,20,15,1,0.001
376200,20,15,20,15,20,15,20,15,20,15,20,15,20,15,20,15,20,15,20,15,1,0.001
377100,20,15,20,15,20,15,20,15,20,15,20,15,20,15,20,15,20,15,20,15,1,0.001
378000,20,15,20,15,20,15,20,15,20,15,20,15,20,15,20,15,20,15,20,15,1,0.001
378900,20,15,20,15,20,15,20,15,20,15,20,15,20,15,20,15,20,15,20,15,1,0.001
379800,20,15,20,15,20,15,20,15,20,15,20,15,20,15,20,15,20,15,20,15,1,0.001
380700,20,15,20,15,20,15,20,15,20,15,20,15,20,15,20,15,20,15,20,15,1,0.001
381600,20,15,20,15,20,15,20,15,20,15,20,15,20,15,20,15,20,15,20,15,1,0.001
382500,20,15,20,15,20,15,20,15,20,15,20,15,20,15,20,15,20,15,20,15,1,0.001
383400,20,15,20,15,20,15,20,15,20,15,20,15,20,15,20,15,20,15,20,15,1,0.001
384300,20,15,20,15,20,15,20,15,20,15,20,15,20,15,20,15,20,15,20,15,1,0.001
385200,20,15,20,15,20,15,20,15,20,15,20,15,20,15,20,15,20,15,20,15,1,0.001
386100,20,15,20,15,20,15,20,15,20,15,20,15,20,15,20,15,20,15,20,15,1,0.001
387000,20,15,20,15,20,15,20,15,20,15,20,15,20,15,20,15,20,15,20,15,1,0.001
387900,20,15,20,15,20,15,20,15,20,15,20,15,20,15,20,15,20,15,20,15,1,0.001
388800,20,15,20,15,20,15,20,15,20,15,20,15,20,15,20,15,20,15,20,15,1,0.001
389700,20,15,20,15,20,15,20,15,20,15,20,15,20,15,20,15,20,15,20,15,1,0.001
390600,20,15,20,15,20,15,20,15,20,15,20,15,20,15,20,15,20,15,20,15,1,0.001
391500,20,15,20,15,20,15,20,15,20,15,20,15,20,15,20,15,20,15,20,15,1,0.001
392400,20,15,20,15,20,15,20,15,20,15,20,15,20,15,20,15,20,15,20,15,1,0.001
393300,20,15,20,15,20,15,20,15,20,15,20,15,20,15,20,15,20,15,20,15,1,0.001
394200,20,15,20,15,20,15,20,15,20,15,20,15,20,15,20,15,20,15,20,15,1,0.001
395100,20,15,20,15,20,15,20,15,20,15,20,15,20,15,20,15,20,15,20,15,1,0.001
396000,20,15,20,15,20,15,20,15,20,15,20,15,20,15,20,15,20,15,20,15,1,0.001
396900,20,15,20,15,20,15,20,15,20,15,20,15,20,15,20,15,20,15,20,15,1,0.001
397800,20,15,20,15,20,15,20,15,20,15,20,15,20,15,20,15,20,15,20,15,1,0.001
398700,20,15,20,15,20,15,20,15,20,15,20,15,20,15,20,15,20,15,20,15,1,0.001
399600,20,15,20,15,20,15,20,15,20,15,20,15,20,15,20,15,20,15,20,15,1,0.001
400500,20,15,20,15,20,15,20,15,20,15,20,15,20,15,20,15,20,15,20,15,1,0.001
401400,20,15,20,15,20,15,20,15,20,15,20,15,20,15,20,15,20,15,20,15,1,0.001
402300,20,15,20,15,20,15,20,15,20,15,20,15,20,15,20,15,20,15,20,15,1,0.001
403200,20,15,20,15,20,15,20,15,20,15,20,15,20,15,20,15,20,15,20,15,1,0.001
404100,20,15,20,15,20,15,20,15,20,15,20,15,20,15,20,15,20,15,20,15,1,0.001
405000,20,15,20,15,20,15,20,15,20,15,20,15,20,15,20,15,20,15,20,15,1,0.001
405900,20,15,20,15,20,15,20,15,20,15,20,15,20,15,20,15,20,15,20,15,1,0.001
406800,20,15,20,15,20,15,20,15,20,15,20,15,20,15,20,15,20,15,20,15,1,0.001
407700,20,15,20,15,20,15,20,15,20,15,20,15,20,15,20,15,20,15,20,15,1,0.001
408600,20,15,20,15,20,15,20,15,20,15,20,15,20,15,20,15,20,15,20,15,1,0.001
409500,20,15,20,15,20,15,20,15,20,15,20,15,20,15,20,15,20,15,20,15,1,0.001
410400,20,15,20,15,20,15,20,15,20,15,20,15,20,15,20,15,20,15,20,15,1,0.001
411300,20,15,20,15,20,15,20,15,20,15,20,15,20,15,20,15,20,15,20,15,1,0.001
412200,20,15,20,15,20,15,20,15,20,15,20,15,20,15,20,15,20,15,20,15,1,0.001
413100,20,15,20,15,20,15,20,15,20,15,20,15,20,15,20,15,20,15,20,15,1,0.001
414000,20,15,20,15,20,15,20,15,20,15,20,15,20,15,20,15,20,15,20,15,1,0.001
414900,20,15,20,15,20,15,20,15,20,15,20,15,20,15,20,15,20,15,20,15,1,0.001
415800,20,15,20,15,20,15,20,15,20,15,20,15,20,15,20,15,20,15,20,15,1,0.001
416700,20,15,20,15,20,15,20,15,20,15,20,15,20,15,20,15,20,15,20,15,1,0.001
417600,20,15,20,15,20,15,20,15,20,15,20,15,20,15,20,15,20,15,20,15,1,0.001
418500,20,15,20,15,20,15,20,15,20,15,20,15,20,15,20,15,20,15,20,15,1,0.001
419400,20,15,20,15,20,15,20,15,20,15,20,15,20,15,20,15,20,15,20,15,1,0.001
420300,20,15,20,15,20,15,20,15,20,15,20,15,20,15,20,15,20,15,20,15,1,0.001
421200,20,15,20,15,20,15,20,15,20,15,20,15,20,15,20,15,20,15,20,15,1,0.001
422100,20,15,20,15,20,15,20,15,20,15,20,15,20,15,20,15,20,15,20,15,1,0.001
423000,20,15,20,15,20,15,20,15,20,15,20,15,20,15,20,15,20,15,20,15,1,0.001
423900,20,15,20,15,20,15,20,15,20,15,20,15,20,15,20,15,20,15,20,15,1,0.001
424800,20,15,20,15,20,15,20,15,20,15,20,15,20,15,20,15,20,15,20,15,1,0.001
425700,20,15,20,15,20,15,20,15,20,15,20,15,20,15,20,15,20,15,20,15,1,0.001
426600,20,15,20,15,20,15,20,15,20,15,20,15,20,15,20,15,20,15,20,15,1,0.001
427500,20,15,20,15,20,15,20,15,20,15,20,15,20,15,20,15,20,15,20,15,1,0.001
428400,20,15,20,15,20,15,20,15,20,15,20,15,20,15,20,15,20,15,20,15,1,0.001
429300,20,15,20,15,20,15,20,15,20,15,20,15,20,15,20,15,20,15,20,15,1,0.001
430200,20,15,20,15,20,15,20,15,20,15,20,15,20,15,20,15,20,15,20,15,1,0.001
431100,20,15,20,15,20,15,20,15,20,15,20,15,20,15,20,15,20,15,20,15,1,0.001
432000,16,15,16,15,16,15,16,15,16,15,16,15,16,15,16,15,16,15,16,15,0.001,1
432900,16,15,16,15,16,15,16,15,16,15,16,15,16,15,16,15,16,15,16,15,0.001,1
433800,16,15,16,15,16,15,16,15,16,15,16,15,16,15,16,15,16,15,16,15,0.001,1
434700,16,15,16,15,16,15,16,15,16,15,16,15,16,15,16,15,16,15,16,15,0.001,1
435600,16,15,16,15,16,15,16,15,16,15,16,15,16,15,16,15,16,15,16,15,0.001,1
436500,16,15,16,15,16,15,16,15,16,15,16,15,16,15,16,15,16,15,16,15,0.001,1
437400,16,15,16,15,16,15,16,15,16,15,16,15,16,15,16,15,16,15,16,15,0.001,1
438300,16,15,16,15,16,15,16,15,16,15,16,15,16,15,16,15,16,15,16,15,0.001,1
439200,16,15,16,15,16,15,16,15,16,15,16,15,16,15,16,15,16,15,16,15,0.001,1
440100,16,15,16,15,16,15,16,15,16,15,16,15,16,15,16,15,16,15,16,15,0.001,1
441000,16,15,16,15,16,15,16,15,16,15,16,15,16,15,16,15,16,15,16,15,0.001,1
441900,16,15,16,15,16,15,16,15,16,15,16,15,16,15,16,15,16,15,16,15,0.001,1
442800,16,15,16,15,16,15,16,15,16,15,16,15,16,15,16,15,16,15,16,15,0.001,1
443700,16,15,16,15,16,15,16,15,16,15,16,15,16,15,16,15,16,15,16,15,0.001,1
444600,16,15,16,15,16,15,16,15,16,15,16,15,16,15,16,15,16,15,16,15,0.001,1
445500,16,15,16,15,16,15,16,15,16,15,16,15,16,15,16,15,16,15,16,15,0.001,1
446400,16,15,16,15,16,15,16,15,16,15,16,15,16,15,16,15,16,15,16,15,0.001,1
447300,16,15,16,15,16,15,16,15,16,15,16,15,16,15,16,15,16,15,16,15,0.001,1
448200,16,15,16,15,16,15,16,15,16,15,16,15,16,15,16,15,16,15,16,15,0.001,1
449100,16,15,16,15,16,15,16,15,16,15,16,15,16,15,16,15,16,15,16,15,0.001,1
450000,16,15,16,15,16,15,16,15,16,15,16,15,16,15,16,15,16,15,16,15,0.001,1
450900,16,15,16,15,16,15,16,15,16,15,16,15,16,15,16,15,16,15,16,15,0.001,1
451800,16,15,16,15,16,15,16,15,16,15,16,15,16,15,16,15,16,15,16,15,0.001,1
452700,16,15,16,15,16,15,16,15,16,15,16,15,16,15,16,15,16,15,16,15,0.001,1
453600,20,15,20,15,20,15,20,15,20,15,20,15,20,15,20,15,20,15,20,15,1,0.001
454500,20,15,20,15,20,15,20,15,20,15,20,15,20,15,20,15,20,15,20,15,1,0.001
455400,20,15,20,15,20,15,20,15,20,15,20,15,20,15,20,15,20,15,20,15,1,0.001
456300,20,15,20,15,20,15,20,15,20,15,20,15,20,15,20,15,20,15,20,15,1,0.001
457200,20,15,20,15,20,15,20,15,20,15,20,15,20,15,20,15,20,15,20,15,1,0.001
458100,20,15,20,15,20,15,20,15,20,15,20,15,20,15,20,15,20,15,20,15,1,0.001
459000,20,15,20,15,20,15,20,15,20,15,20,15,20,15,20,15,20,15,20,15,1,0.001
459900,20,15,20,15,20,15,20,15,20,15,20,15,20,15,20,15,20,15,20,15,1,0.001
460800,20,15,20,15,20,15,20,15,20,15,20,15,20,15,20,15,20,15,20,15,1,0.001
461700,20,15,20,15,20,15,20,15,20,15,20,15,20,15,20,15,20,15,20,15,1,0.001
462600,20,15,20,15,20,15,20,15,20,15,20,15,20,15,20,15,20,15,20,15,1,0.001
463500,20,15,20,15,20,15,20,15,20,15,20,15,20,15,20,15,20,15,20,15,1,0.001
464400,20,15,20,15,20,15,20,15,20,15,20,15,20,15,20,15,20,15,20,15,1,0.001
465300,20,15,20,15,20,15,20,15,20,15,20,15,20,15,20,15,20,15,20,15,1,0.001
466200,20,15,20,15,20,15,20,15,20,15,20,15,20,15,20,15,20,15,20,15,1,0.001
467100,20,15,20,15,20,15,20,15,20,15,20,15,20,15,20,15,20,15,20,15,1,0.001
468000,20,15,20,15,20,15,20,15,20,15,20,15,20,15,20,15,20,15,20,15,1,0.001
468900,20,15,20,15,20,15,20,15,20,15,20,15,20,15,20,15,20,15,20,15,1,0.001
469800,20,15,20,15,20,15,20,15,20,15,20,15,20,15,20,15,20,15,20,15,1,0.001
470700,20,15,20,15,20,15,20,15,20,15,20,15,20,15,20,15,20,15,20,15,1,0.001
471600,20,15,20,15,20,15,20,15,20,15,20,15,20,15,20,15,20,15,20,15,1,0.001
472500,20,15,20,15,20,15,20,15,20,15,20,15,20,15,20,15,20,15,20,15,1,0.001
473400,20,15,20,15,20,15,20,15,20,15,20,15,20,15,20,15,20,15,20,15,1,0.001
474300,20,15,20,15,20,15,20,15,20,15,20,15,20,15,20,15,20,15,20,15,1,0.001
475200,20,15,20,15,20,15,20,15,20,15,20,15,20,15,20,15,20,15,20,15,1,0.001
476100,20,15,20,15,20,15,20,15,20,15,20,15,20,15,20,15,20,15,20,15,1,0.001
477000,20,15,20,15,20,15,20,15,20,15,20,15,20,15,20,15,20,15,20,15,1,0.001
477900,20,15,20,15,20,15,20,15,20,15,20,15,20,15,20,15,20,15,20,15,1,0.001
478800,20,15,20,15,20,15,20,15,20,15,20,15,20,15,20,15,20,15,20,15,1,0.001
479700,20,15,20,15,20,15,20,15,20,15,20,15,20,15,20,15,20,15,20,15,1,0.001
480600,20,15,20,15,20,15,20,15,20,15,20,15,20,15,20,15,20,15,20,15,1,0.001
481500,20,15,20,15,20,15,20,15,20,15,20,15,20,15,20,15,20,15,20,15,1,0.001
482400,20,15,20,15,20,15,20,15,20,15,20,15,20,15,20,15,20,15,20,15,1,0.001
483300,20,15,20,15,20,15,20,15,20,15,20,15,20,15,20,15,20,15,20,15,1,0.001
484200,20,15,20,15,20,15,20,15,20,15,20,15,20,15,20,15,20,15,20,15,1,0.001
485100,20,15,20,15,20,15,20,15,20,15,20,15,20,15,20,15,20,15,20,15,1,0.001
486000,20,15,20,15,20,15,20,15,20,15,20,15,20,15,20,15,20,15,20,15,1,0.001
486900,20,15,20,15,20,15,20,15,20,15,20,15,20,15,20,15,20,15,20,15,1,0.001
487800,20,15,20,15,20,15,20,15,20,15,20,15,20,15,20,15,20,15,20,15,1,0.001
488700,20,15,20,15,20,15,20,15,20,15,20,15,20,15,20,15,20,15,20,15,1,0.001
489600,20,15,20,15,20,15,20,15,20,15,20,15,20,15,20,15,20,15,20,15,1,0.001
490500,20,15,20,15,20,15,20,15,20,15,20,15,20,15,20,15,20,15,20,15,1,0.001
491400,20,15,20,15,20,15,20,15,20,15,20,15,20,15,20,15,20,15,20,15,1,0.001
492300,20,15,20,15,20,15,20,15,20,15,20,15,20,15,20,15,20,15,20,15,1,0.001
493200,20,15,20,15,20,15,20,15,20,15,20,15,20,15,20,15,20,15,20,15,1,0.001
494100,20,15,20,15,20,15,20,15,20,15,20,15,20,15,20,15,20,15,20,15,1,0.001
495000,20,15,20,15,20,15,20,15,20,15,20,15,20,15,20,15,20,15,20,15,1,0.001
495900,20,15,20,15,20,15,20,15,20,15,20,15,20,15,20,15,20,15,20,15,1,0.001
496800,20,15,20,15,20,15,20,15,20,15,20,15,20,15,20,15,20,15,20,15,1,0.001
497700,20,15,20,15,20,15,20,15,20,15,20,15,20,15,20,15,20,15,20,15,1,0.001
498600,20,15,20,15,20,15,20,15,20,15,20,15,20,15,20,15,20,15,20,15,1,0.001
499500,20,15,20,15,20,15,20,15,20,15,20,15,20,15,20,15,20,15,20,15,1,0.001
500400,20,15,20,15,20,15,20,15,20,15,20,15,20,15,20,15,20,15,20,15,1,0.001
501300,20,15,20,15,20,15,20,15,20,15,20,15,20,15,20,15,20,15,20,15,1,0.001
502200,20,15,20,15,20,15,20,15,20,15,20,15,20,15,20,15,20,15,20,15,1,0.001
503100,20,15,20,15,20,15,20,15,20,15,20,15,20,15,20,15,20,15,20,15,1,0.001
504000,20,15,20,15,20,15,20,15,20,15,20,15,20,15,20,15,20,15,20,15,1,0.001
504900,20,15,20,15,20,15,20,15,20,15,20,15,20,15,20,15,20,15,20,15,1,0.001
505800,20,15,20,15,20,15,20,15,20,15,20,15,20,15,20,15,20,15,20,15,1,0.001
506700,20,15,20,15,20,15,20,15,20,15,20,15,20,15,20,15,20,15,20,15,1,0.001
507600,20,15,20,15,20,15,20,15,20,15,20,15,20,15,20,15,20,15,20,15,1,0.001
508500,20,15,20,15,20,15,20,15,20,15,20,15,20,15,20,15,20,15,20,15,1,0.001
509400,20,15,20,15,20,15,20,15,20,15,20,15,20,15,20,15,20,15,20,15,1,0.001
510300,20,15,20,15,20,15,20,15,20,15,20,15,20,15,20,15,20,15,20,15,1,0.001
511200,20,15,20,15,20,15,20,15,20,15,20,15,20,15,20,15,20,15,20,15,1,0.001
512100,20,15,20,15,20,15,20,15,20,15,20,15,20,15,20,15,20,15,20,15,1,0.001
513000,20,15,20,15,20,15,20,15,20,15,20,15,20,15,20,15,20,15,20,15,1,0.001
513900,20,15,20,15,20,15,20,15,20,15,20,15,20,15,20,15,20,15,20,15,1,0.001
514800,20,15,20,15,20,15,20,15,20,15,20,15,20,15,20,15,20,15,20,15,1,0.001
515700,20,15,20,15,20,15,20,15,20,15,20,15,20,15,20,15,20,15,20,15,1,0.001
516600,20,15,20,15,20,15,20,15,20,15,20,15,20,15,20,15,20,15,20,15,1,0.001
517500,20,15,20,15,20,15,20,15,20,15,20,15,20,15,20,15,20,15,20,15,1,0.001
518400,16,15,16,15,16,15,16,15,16,15,16,15,16,15,16,15,16,15,16,15,0.001,1
519300,16,15,16,15,16,15,16,15,16,15,16,15,16,15,16,15,16,15,16,15,0.001,1
520200,16,15,16,15,16,15,16,15,16,15,16,15,16,15,16,15,16,15,16,15,0.001,1
521100,16,15,16,15,16,15,16,15,16,15,16,15,16,15,16,15,16,15,16,15,0.001,1
522000,16,15,16,15,16,15,16,15,16,15,16,15,16,15,16,15,16,15,16,15,0.001,1
522900,16,15,16,15,16,15,16,15,16,15,16,15,16,15,16,15,16,15,16,15,0.001,1
523800,16,15,16,15,16,15,16,15,16,15,16,15,16,15,16,15,16,15,16,15,0.001,1
524700,16,15,16,15,16,15,16,15,16,15,16,15,16,15,16,15,16,15,16,15,0.001,1
525600,16,15,16,15,16,15,16,15,16,15,16,15,16,15,16,15,16,15,16,15,0.001,1
526500,16,15,16,15,16,15,16,15,16,15,16,15,16,15,16,15,16,15,16,15,0.001,1
527400,16,15,16,15,16,15,16,15,16,15,16,15,16,15,16,15,16,15,16,15,0.001,1
528300,16,15,16,15,16,15,16,15,16,15,16,15,16,15,16,15,16,15,16,15,0.001,1
529200,16,15,16,15,16,15,16,15,16,15,16,15,16,15,16,15,16,15,16,15,0.001,1
530100,16,15,16,15,16,15,16,15,16,15,16,15,16,15,16,15,16,15,16,15,0.001,1
531000,16,15,16,15,16,15,16,15,16,15,16,15,16,15,16,15,16,15,16,15,0.001,1
531900,16,15,16,15,16,15,16,15,16,15,16,15,16,15,16,15,16,15,16,15,0.001,1
532800,16,15,16,15,16,15,16,15,16,15,16,15,16,15,16,15,16,15,16,15,0.001,1
533700,16,15,16,15,16,15,16,15,16,15,16,15,16,15,16,15,16,15,16,15,0.001,1
534600,16,15,16,15,16,15,16,15,16,15,16,15,16,15,16,15,16,15,16,15,0.001,1
535500,16,15,16,15,16,15,16,15,16,15,16,15,16,15,16,15,16,15,16,15,0.001,1
536400,16,15,16,15,16,15,16,15,16,15,16,15,16,15,16,15,16,15,16,15,0.001,1
537300,16,15,16,15,16,15,16,15,16,15,16,15,16,15,16,15,16,15,16,15,0.001,1
538200,16,15,16,15,16,15,16,15,16,15,16,15,16,15,16,15,16,15,16,15,0.001,1
539100,16,15,16,15,16,15,16,15,16,15,16,15,16,15,16,15,16,15,16,15,0.001,1
540000,20,15,20,15,20,15,20,15,20,15,20,15,20,15,20,15,20,15,20,15,1,0.001
540900,20,15,20,15,20,15,20,15,20,15,20,15,20,15,20,15,20,15,20,15,1,0.001
541800,20,15,20,15,20,15,20,15,20,15,20,15,20,15,20,15,20,15,20,15,1,0.001
542700,20,15,20,15,20,15,20,15,20,15,20,15,20,15,20,15,20,15,20,15,1,0.001
543600,20,15,20,15,20,15,20,15,20,15,20,15,20,15,20,15,20,15,20,15,1,0.001
544500,20,15,20,15,20,15,20,15,20,15,20,15,20,15,20,15,20,15,20,15,1,0.001
545400,20,15,20,15,20,15,20,15,20,15,20,15,20,15,20,15,20,15,20,15,1,0.001
546300,20,15,20,15,20,15,20,15,20,15,20,15,20,15,20,15,20,15,20,15,1,0.001
547200,20,15,20,15,20,15,20,15,20,15,20,15,20,15,20,15,20,15,20,15,1,0.001
548100,20,15,20,15,20,15,20,15,20,15,20,15,20,15,20,15,20,15,20,15,1,0.001
549000,20,15,20,15,20,15,20,15,20,15,20,15,20,15,20,15,20,15,20,15,1,0.001
549900,20,15,20,15,20,15,20,15,20,15,20,15,20,15,20,15,20,15,20,15,1,0.001
550800,20,15,20,15,20,15,20,15,20,15,20,15,20,15,20,15,20,15,20,15,1,0.001
551700,20,15,20,15,20,15,20,15,20,15,20,15,20,15,20,15,20,15,20,15,1,0.001
552600,20,15,20,15,20,15,20,15,20,15,20,15,20,15,20,15,20,15,20,15,1,0.001
553500,20,15,20,15,20,15,20,15,20,15,20,15,20,15,20,15,20,15,20,15,1,0.001
554400,20,15,20,15,20,15,20,15,20,15,20,15,20,15,20,15,20,15,20,15,1,0.001
555300,20,15,20,15,20,15,20,15,20,15,20,15,20,15,20,15,20,15,20,15,1,0.001
556200,20,15,20,15,20,15,20,15,20,15,20,15,20,15,20,15,20,15,20,15,1,0.001
557100,20,15,20,15,20,15,20,15,20,15,20,15,20,15,20,15,20,15,20,15,1,0.001
558000,20,15,20,15,20,15,20,15,20,15,20,15,20,15,20,15,20,15,20,15,1,0.001
558900,20,15,20,15,20,15,20,15,20,15,20,15,20,15,20,15,20,15,20,15,1,0.001
559800,20,15,20,15,20,15,20,15,20,15,20,15,20,15,20,15,20,15,20,15,1,0.001
560700,20,15,20,15,20,15,20,15,20,15,20,15,20,15,20,15,20,15,20,15,1,0.001
561600,20,15,20,15,20,15,20,15,20,15,20,15,20,15,20,15,20,15,20,15,1,0.001
562500,20,15,20,15,20,15,20,15,20,15,20,15,20,15,20,15,20,15,20,15,1,0.001
563400,20,15,20,15,20,15,20,15,20,15,20,15,20,15,20,15,20,15,20,15,1,0.001
564300,20,15,20,15,20,15,20,15,20,15,20,15,20,15,20,15,20,15,20,15,1,0.001
565200,20,15,20,15,20,15,20,15,20,15,20,15,20,15,20,15,20,15,20,15,1,0.001
566100,20,15,20,15,20,15,20,15,20,15,20,15,20,15,20,15,20,15,20,15,1,0.001
567000,20,15,20,15,20,15,20,15,20,15,20,15,20,15,20,15,20,15,20,15,1,0.001
567900,20,15,20,15,20,15,20,15,20,15,20,15,20,15,20,15,20,15,20,15,1,0.001
568800,20,15,20,15,20,15,20,15,20,15,20,15,20,15,20,15,20,15,20,15,1,0.001
569700,20,15,20,15,20,15,20,15,20,15,20,15,20,15,20,15,20,15,20,15,1,0.001
570600,20,15,20,15,20,15,20,15,20,15,20,15,20,15,20,15,20,15,20,15,1,0.001
571500,20,15,20,15,20,15,20,15,20,15,20,15,20,15,20,15,20,15,20,15,1,0.001
572400,20,15,20,15,20,15,20,15,20,15,20,15,20,15,20,15,20,15,20,15,1,0.001
573300,20,15,20,15,20,15,20,15,20,15,20,15,20,15,20,15,20,15,20,15,1,0.001
574200,20,15,20,15,20,15,20,15,20,15,20,15,20,15,20,15,20,15,20,15,1,0.001
575100,20,15,20,15,20,15,20,15,20,15,20,15,20,15,20,15,20,15,20,15,1,0.001
576000,20,15,20,15,20,15,20,15,20,15,20,15,20,15,20,15,20,15,20,15,1,0.001
576900,20,15,20,15,20,15,20,15,20,15,20,15,20,15,20,15,20,15,20,15,1,0.001
577800,20,15,20,15,20,15,20,15,20,15,20,15,20,15,20,15,20,15,20,15,1,0.001
578700,20,15,20,15,20,15,20,15,20,15,20,15,20,15,20,15,20,15,20,15,1,0.001
579600,20,15,20,15,20,15,20,15,20,15,20,15,20,15,20,15,20,15,20,15,1,0.001
580500,20,15,20,15,20,15,20,15,20,15,20,15,20,15,20,15,20,15,20,15,1,0.001
581400,20,15,20,15,20,15,20,15,20,15,20,15,20,15,20,15,20,15,20,15,1,0.001
582300,20,15,20,15,20,15,20,15,20,15,20,15,20,15,20,15,20,15,20,15,1,0.001
583200,20,15,20,15,20,15,20,15,20,15,20,15,20,15,20,15,20,15,20,15,1,0.001
584100,20,15,20,15,20,15,20,15,20,15,20,15,20,15,20,15,20,15,20,15,1,0.001
585000,20,15,20,15,20,15,20,15,20,15,20,15,20,15,20,15,20,15,20,15,1,0.001
585900,20,15,20,15,20,15,20,15,20,15,20,15,20,15,20,15,20,15,20,15,1,0.001
586800,20,15,20,15,20,15,20,15,20,15,20,15,20,15,20,15,20,15,20,15,1,0.001
587700,20,15,20,15,20,15,20,15,20,15,20,15,20,15,20,15,20,15,20,15,1,0.001
588600,20,15,20,15,20,15,20,15,20,15,20,15,20,15,20,15,20,15,20,15,1,0.001
589500,20,15,20,15,20,15,20,15,20,15,20,15,20,15,20,15,20,15,20,15,1,0.001
590400,20,15,20,15,20,15,20,15,20,15,20,15,20,15,20,15,20,15,20,15,1,0.001
591300,20,15,20,15,20,15,20,15,20,15,20,15,20,15,20,15,20,15,20,15,1,0.001
592200,20,15,20,15,20,15,20,15,20,15,20,15,20,15,20,15,20,15,20,15,1,0.001
593100,20,15,20,15,20,15,20,15,20,15,20,15,20,15,20,15,20,15,20,15,1,0.001
594000,20,15,20,15,20,15,20,15,20,15,20,15,20,15,20,15,20,15,20,15,1,0.001
594900,20,15,20,15,20,15,20,15,20,15,20,15,20,15,20,15,20,15,20,15,1,0.001
595800,20,15,20,15,20,15,20,15,20,15,20,15,20,15,20,15,20,15,20,15,1,0.001
596700,20,15,20,15,20,15,20,15,20,15,20,15,20,15,20,15,20,15,20,15,1,0.001
597600,20,15,20,15,20,15,20,15,20,15,20,15,20,15,20,15,20,15,20,15,1,0.001
598500,20,15,20,15,20,15,20,15,20,15,20,15,20,15,20,15,20,15,20,15,1,0.001
599400,20,15,20,15,20,15,20,15,20,15,20,15,20,15,20,15,20,15,20,15,1,0.001
600300,20,15,20,15,20,15,20,15,20,15,20,15,20,15,20,15,20,15,20,15,1,0.001
601200,20,15,20,15,20,15,20,15,20,15,20,15,20,15,20,15,20,15,20,15,1,0.001
602100,20,15,20,15,20,15,20,15,20,15,20,15,20,15,20,15,20,15,20,15,1,0.001
603000,20,15,20,15,20,15,20,15,20,15,20,15,20,15,20,15,20,15,20,15,1,0.001
603900,20,15,20,15,20,15,20,15,20,15,20,15,20,15,20,15,20,15,20,15,1,0.001
604800,16,15,16,15,16,15,16,15,16,15,16,15,16,15,16,15,16,15,16,15,0.001,1
